﻿<LinkSources version="1.02">
  <page ID="D1AECAD2-93B6-4BCA-8FCF-9B69903CD37D">
    <linkSource sourcePageID="0FDDA2D5-7C6E-4C5F-9CDE-5DA315C8396F" comID="46EB172E-B867-401D-861C-70F7A1ED7A93" comLinkType="cltPageLink"/>
    <linkSource sourcePageID="161D0E9E-536C-4587-B60E-AB180C46481F" comID="EB030C9D-F74C-4B19-82A1-E284AB4A494C" comLinkType="cltPageLink"/>
    <linkSource sourcePageID="DE0646F3-0086-4E90-B235-1EDC91E09625" comID="EB8EBA3A-D642-48FA-A5C6-0E6FD9930CBF" comLinkType="cltPageLink"/>
    <linkSource sourcePageID="DE0646F3-0086-4E90-B235-1EDC91E09625" comID="976EDF94-6515-4A6F-9C6E-30CD9A17E21D" comLinkType="cltPageLink"/>
    <linkSource sourcePageID="6E7AB971-8E95-4237-8A0E-D467BD8DFCC0" comID="65F2B3AD-9E07-433B-B1EB-A987CE30EFA9" comLinkType="cltPageLink"/>
    <linkSource sourcePageID="DC86D519-0E0C-454D-A308-1BD80B791050" comID="65F2B3AD-9E07-433B-B1EB-A987CE30EFA9" comLinkType="cltPageLink"/>
    <linkSource sourcePageID="4F10940C-27C1-4EEF-8DBD-9BF373C9C1E0" comID="65F2B3AD-9E07-433B-B1EB-A987CE30EFA9" comLinkType="cltPageLink"/>
    <linkSource sourcePageID="6F594E19-7B3F-4751-BD7A-7C8AF3F8B711" comID="EB030C9D-F74C-4B19-82A1-E284AB4A494C" comLinkType="cltPageLink"/>
    <linkSource sourcePageID="0FDDA2D5-7C6E-4C5F-9CDE-5DA315C8396F" comID="EB030C9D-F74C-4B19-82A1-E284AB4A494C" comLinkType="cltPageLink"/>
    <linkSource sourcePageID="6229C1DE-40B5-4831-A89C-B47D0BF07219" comID="EB030C9D-F74C-4B19-82A1-E284AB4A494C" comLinkType="cltPageLink"/>
    <linkSource sourcePageID="8CCBDEA6-AF62-471E-91DD-98EB08905312" comID="65F2B3AD-9E07-433B-B1EB-A987CE30EFA9" comLinkType="cltPageLink"/>
    <linkSource sourcePageID="6229C1DE-40B5-4831-A89C-B47D0BF07219" comID="327A14E8-AEC2-45B9-8FB8-7F5EFD6FD60D" comLinkType="cltPageLink"/>
    <linkSource sourcePageID="6F594E19-7B3F-4751-BD7A-7C8AF3F8B711" comID="E4819C6D-8B38-49C8-B59F-E2778BFAF48C" comLinkType="cltPageLink"/>
  </page>
  <page ID="6229C1DE-40B5-4831-A89C-B47D0BF07219">
    <linkSource sourcePageID="D1AECAD2-93B6-4BCA-8FCF-9B69903CD37D" comID="E4819C6D-8B38-49C8-B59F-E2778BFAF48C" comLinkType="cltPageLink"/>
  </page>
  <page ID="8CCBDEA6-AF62-471E-91DD-98EB08905312">
    <linkSource sourcePageID="D1AECAD2-93B6-4BCA-8FCF-9B69903CD37D" comID="FA70C12F-82EA-4C81-8CD6-0CA446155D09" comLinkType="cltPageLink"/>
    <linkSource sourcePageID="DE0646F3-0086-4E90-B235-1EDC91E09625" comID="1091CA14-A5D8-4891-A369-DC422C999DE3" comLinkType="cltPageLink"/>
    <linkSource sourcePageID="FA7BFD66-95E1-4B69-918D-F310821C361A" comID="555847AE-D984-4EFD-91CE-4B0AA5E6B58E" comLinkType="cltPageLink"/>
    <linkSource sourcePageID="399364EE-7BB6-4873-BD00-E20AD694C4E5" comID="1091CA14-A5D8-4891-A369-DC422C999DE3" comLinkType="cltPageLink"/>
    <linkSource sourcePageID="6F594E19-7B3F-4751-BD7A-7C8AF3F8B711" comID="FA70C12F-82EA-4C81-8CD6-0CA446155D09" comLinkType="cltPageLink"/>
    <linkSource sourcePageID="D7011A0C-1BF3-479C-9728-CFA0A5E4EA92" comID="FA70C12F-82EA-4C81-8CD6-0CA446155D09" comLinkType="cltPageLink"/>
    <linkSource sourcePageID="FA7BFD66-95E1-4B69-918D-F310821C361A" comID="3785D9C7-5A7E-4C5D-A464-0F62442D351F" comLinkType="cltPageLink"/>
    <linkSource sourcePageID="DE0646F3-0086-4E90-B235-1EDC91E09625" comID="310E1E6D-89A8-48C4-A7E1-AD9D02D2EC6A" comLinkType="cltPageLink"/>
  </page>
  <page ID="DE0646F3-0086-4E90-B235-1EDC91E09625">
    <linkSource sourcePageID="8CCBDEA6-AF62-471E-91DD-98EB08905312" comID="46EB172E-B867-401D-861C-70F7A1ED7A93" comLinkType="cltPageLink"/>
    <linkSource sourcePageID="DE0646F3-0086-4E90-B235-1EDC91E09625" comID="FAD6ED8E-31CE-446E-9C47-8FB5E3DE1D7C" comLinkType="cltPageLink"/>
    <linkSource sourcePageID="DE0646F3-0086-4E90-B235-1EDC91E09625" comID="096F0916-570B-474B-897D-134391045F13" comLinkType="cltPageLink"/>
    <linkSource sourcePageID="4F10940C-27C1-4EEF-8DBD-9BF373C9C1E0" comID="65F2B3AD-9E07-433B-B1EB-A987CE30EFA9" comLinkType="cltPageLink"/>
    <linkSource sourcePageID="DC86D519-0E0C-454D-A308-1BD80B791050" comID="0F252C9B-E2B6-411F-9B75-B1D71A635B66" comLinkType="cltPageLink"/>
    <linkSource sourcePageID="6E7AB971-8E95-4237-8A0E-D467BD8DFCC0" comID="2F096708-09DE-45CA-9941-9C629BE982D8" comLinkType="cltPageLink"/>
    <linkSource sourcePageID="4F10940C-27C1-4EEF-8DBD-9BF373C9C1E0" comID="EB030C9D-F74C-4B19-82A1-E284AB4A494C" comLinkType="cltPageLink"/>
    <linkSource sourcePageID="DC86D519-0E0C-454D-A308-1BD80B791050" comID="EB030C9D-F74C-4B19-82A1-E284AB4A494C" comLinkType="cltPageLink"/>
    <linkSource sourcePageID="6E7AB971-8E95-4237-8A0E-D467BD8DFCC0" comID="EB030C9D-F74C-4B19-82A1-E284AB4A494C" comLinkType="cltPageLink"/>
  </page>
  <page ID="4F10940C-27C1-4EEF-8DBD-9BF373C9C1E0">
    <linkSource sourcePageID="DE0646F3-0086-4E90-B235-1EDC91E09625" comID="096F0916-570B-474B-897D-134391045F13" comLinkType="cltPageLink"/>
    <linkSource sourcePageID="DC86D519-0E0C-454D-A308-1BD80B791050" comID="A7C57BD7-633C-4BB5-B9F7-2B8557A25026" comLinkType="cltPageLink"/>
    <linkSource sourcePageID="DC86D519-0E0C-454D-A308-1BD80B791050" comID="87D19F6C-7C3E-4CE1-8490-3DC1DCBE2F33" comLinkType="cltPageLink"/>
    <linkSource sourcePageID="DC86D519-0E0C-454D-A308-1BD80B791050" comID="547DC2D7-849F-4B8C-94D6-29C4029C793D" comLinkType="cltPageLink"/>
    <linkSource sourcePageID="6E7AB971-8E95-4237-8A0E-D467BD8DFCC0" comID="7E78A5B1-256D-4D33-9692-FCD87C3762F4" comLinkType="cltPageLink"/>
    <linkSource sourcePageID="6E7AB971-8E95-4237-8A0E-D467BD8DFCC0" comID="842B054B-21F0-47B5-9C48-EF02DD31EEB5" comLinkType="cltPageLink"/>
    <linkSource sourcePageID="6E7AB971-8E95-4237-8A0E-D467BD8DFCC0" comID="D1C689C6-4F7A-4AA3-8A7F-B37269624477" comLinkType="cltPageLink"/>
    <linkSource sourcePageID="FA7BFD66-95E1-4B69-918D-F310821C361A" comID="449A2EB1-6F5C-4E3A-91AA-EDC1949F8A41" comLinkType="cltPageLink"/>
  </page>
  <page ID="DC86D519-0E0C-454D-A308-1BD80B791050">
    <linkSource sourcePageID="DE0646F3-0086-4E90-B235-1EDC91E09625" comID="99A3332C-7365-414F-AA80-7C28D38DC062" comLinkType="cltPageLink"/>
    <linkSource sourcePageID="6E7AB971-8E95-4237-8A0E-D467BD8DFCC0" comID="7E78A5B1-256D-4D33-9692-FCD87C3762F4" comLinkType="cltPageLink"/>
    <linkSource sourcePageID="6E7AB971-8E95-4237-8A0E-D467BD8DFCC0" comID="D1C689C6-4F7A-4AA3-8A7F-B37269624477" comLinkType="cltPageLink"/>
    <linkSource sourcePageID="6E7AB971-8E95-4237-8A0E-D467BD8DFCC0" comID="842B054B-21F0-47B5-9C48-EF02DD31EEB5" comLinkType="cltPageLink"/>
    <linkSource sourcePageID="FA7BFD66-95E1-4B69-918D-F310821C361A" comID="4EC75403-DACD-48AA-948F-31E1307FA100" comLinkType="cltPageLink"/>
  </page>
  <page ID="6E7AB971-8E95-4237-8A0E-D467BD8DFCC0">
    <linkSource sourcePageID="DE0646F3-0086-4E90-B235-1EDC91E09625" comID="976EDF94-6515-4A6F-9C6E-30CD9A17E21D" comLinkType="cltPageLink"/>
    <linkSource sourcePageID="DE0646F3-0086-4E90-B235-1EDC91E09625" comID="1091CA14-A5D8-4891-A369-DC422C999DE3" comLinkType="cltPageLink"/>
  </page>
  <page ID="FA7BFD66-95E1-4B69-918D-F310821C361A">
    <linkSource sourcePageID="8CCBDEA6-AF62-471E-91DD-98EB08905312" comID="41071861-D59D-444F-924A-2A1AD89C52FD" comLinkType="cltPageLink"/>
    <linkSource sourcePageID="DE0646F3-0086-4E90-B235-1EDC91E09625" comID="99A3332C-7365-414F-AA80-7C28D38DC062" comLinkType="cltPageLink"/>
    <linkSource sourcePageID="399364EE-7BB6-4873-BD00-E20AD694C4E5" comID="1091CA14-A5D8-4891-A369-DC422C999DE3" comLinkType="cltPageLink"/>
    <linkSource sourcePageID="2E74E0D7-6EC8-4286-B8E3-2402CB46532B" comID="1091CA14-A5D8-4891-A369-DC422C999DE3" comLinkType="cltPageLink"/>
    <linkSource sourcePageID="399364EE-7BB6-4873-BD00-E20AD694C4E5" comID="310E1E6D-89A8-48C4-A7E1-AD9D02D2EC6A" comLinkType="cltPageLink"/>
    <linkSource sourcePageID="2E74E0D7-6EC8-4286-B8E3-2402CB46532B" comID="310E1E6D-89A8-48C4-A7E1-AD9D02D2EC6A" comLinkType="cltPageLink"/>
  </page>
  <page ID="399364EE-7BB6-4873-BD00-E20AD694C4E5">
    <linkSource sourcePageID="FF67CB79-008D-4053-A992-812750AC4630" comID="65F2B3AD-9E07-433B-B1EB-A987CE30EFA9" comLinkType="cltPageLink"/>
    <linkSource sourcePageID="6BF7BFDD-5B58-4299-9007-CF4AE59B542C" comID="0F252C9B-E2B6-411F-9B75-B1D71A635B66" comLinkType="cltPageLink"/>
    <linkSource sourcePageID="7853E463-4973-48DF-8E5A-771D4823D3DA" comID="2F096708-09DE-45CA-9941-9C629BE982D8" comLinkType="cltPageLink"/>
    <linkSource sourcePageID="FA7BFD66-95E1-4B69-918D-F310821C361A" comID="2D4AB84C-CBD6-4E94-95CE-546EFD96C349" comLinkType="cltPageLink"/>
    <linkSource sourcePageID="DD5443CE-69EB-4451-B3DC-FDCABB1A0CE1" comID="C6A69795-EB72-4068-9443-4F5946C2BB53" comLinkType="cltPageLink"/>
  </page>
  <page ID="2E74E0D7-6EC8-4286-B8E3-2402CB46532B">
    <linkSource sourcePageID="FA7BFD66-95E1-4B69-918D-F310821C361A" comID="C187C2FC-48B4-4098-A77B-8FFBA6C2E875" comLinkType="cltPageLink"/>
    <linkSource sourcePageID="FA7BFD66-95E1-4B69-918D-F310821C361A" comID="230E7B19-7B80-4D27-963C-7EED4A2C9D77" comLinkType="cltPageLink"/>
  </page>
  <page ID="161D0E9E-536C-4587-B60E-AB180C46481F">
    <linkSource sourcePageID="D1AECAD2-93B6-4BCA-8FCF-9B69903CD37D" comID="46EB172E-B867-401D-861C-70F7A1ED7A93" comLinkType="cltPageLink"/>
    <linkSource sourcePageID="0C127599-B4F4-4889-A237-4C31F5A8CB67" comID="8512079F-3414-42BA-8D5F-662824CF49F7" comLinkType="cltPageLink"/>
    <linkSource sourcePageID="0EDE0E48-A35E-440A-BD7C-BA6C77D818E6" comID="41071861-D59D-444F-924A-2A1AD89C52FD" comLinkType="cltPageLink"/>
    <linkSource sourcePageID="0EDE0E48-A35E-440A-BD7C-BA6C77D818E6" comID="EB030C9D-F74C-4B19-82A1-E284AB4A494C" comLinkType="cltPageLink"/>
    <linkSource sourcePageID="8CCBDEA6-AF62-471E-91DD-98EB08905312" comID="EB030C9D-F74C-4B19-82A1-E284AB4A494C" comLinkType="cltPageLink"/>
    <linkSource sourcePageID="8CCBDEA6-AF62-471E-91DD-98EB08905312" comID="41071861-D59D-444F-924A-2A1AD89C52FD" comLinkType="cltPageLink"/>
    <linkSource sourcePageID="DE0646F3-0086-4E90-B235-1EDC91E09625" comID="310E1E6D-89A8-48C4-A7E1-AD9D02D2EC6A" comLinkType="cltPageLink"/>
    <linkSource sourcePageID="6E7AB971-8E95-4237-8A0E-D467BD8DFCC0" comID="EB030C9D-F74C-4B19-82A1-E284AB4A494C" comLinkType="cltPageLink"/>
    <linkSource sourcePageID="DC86D519-0E0C-454D-A308-1BD80B791050" comID="EB030C9D-F74C-4B19-82A1-E284AB4A494C" comLinkType="cltPageLink"/>
    <linkSource sourcePageID="4F10940C-27C1-4EEF-8DBD-9BF373C9C1E0" comID="EB030C9D-F74C-4B19-82A1-E284AB4A494C" comLinkType="cltPageLink"/>
    <linkSource sourcePageID="FA7BFD66-95E1-4B69-918D-F310821C361A" comID="3785D9C7-5A7E-4C5D-A464-0F62442D351F" comLinkType="cltPageLink"/>
    <linkSource sourcePageID="399364EE-7BB6-4873-BD00-E20AD694C4E5" comID="310E1E6D-89A8-48C4-A7E1-AD9D02D2EC6A" comLinkType="cltPageLink"/>
    <linkSource sourcePageID="FF67CB79-008D-4053-A992-812750AC4630" comID="EB030C9D-F74C-4B19-82A1-E284AB4A494C" comLinkType="cltPageLink"/>
    <linkSource sourcePageID="6BF7BFDD-5B58-4299-9007-CF4AE59B542C" comID="EB030C9D-F74C-4B19-82A1-E284AB4A494C" comLinkType="cltPageLink"/>
    <linkSource sourcePageID="7853E463-4973-48DF-8E5A-771D4823D3DA" comID="EB030C9D-F74C-4B19-82A1-E284AB4A494C" comLinkType="cltPageLink"/>
    <linkSource sourcePageID="2E74E0D7-6EC8-4286-B8E3-2402CB46532B" comID="310E1E6D-89A8-48C4-A7E1-AD9D02D2EC6A" comLinkType="cltPageLink"/>
    <linkSource sourcePageID="D7011A0C-1BF3-479C-9728-CFA0A5E4EA92" comID="46EB172E-B867-401D-861C-70F7A1ED7A93" comLinkType="cltPageLink"/>
  </page>
  <page ID="0EDE0E48-A35E-440A-BD7C-BA6C77D818E6">
    <linkSource sourcePageID="0C127599-B4F4-4889-A237-4C31F5A8CB67" comID="DDBE4C7C-2AF0-428D-9D5C-2AF36D40A0AA" comLinkType="cltPageLink"/>
    <linkSource sourcePageID="161D0E9E-536C-4587-B60E-AB180C46481F" comID="35D1A4E5-3B82-42AD-9DBC-77C624890557" comLinkType="cltPageLink"/>
    <linkSource sourcePageID="161D0E9E-536C-4587-B60E-AB180C46481F" comID="82856F4D-C63B-4B22-B573-7B6382829C4A" comLinkType="cltPageLink"/>
    <linkSource sourcePageID="0FDDA2D5-7C6E-4C5F-9CDE-5DA315C8396F" comID="EB030C9D-F74C-4B19-82A1-E284AB4A494C" comLinkType="cltPageLink"/>
  </page>
  <page ID="0FDDA2D5-7C6E-4C5F-9CDE-5DA315C8396F">
    <linkSource sourcePageID="0EDE0E48-A35E-440A-BD7C-BA6C77D818E6" comID="904FC80A-CC4D-4D46-A581-A270C9398BD3" comLinkType="cltPageLink"/>
    <linkSource sourcePageID="8CCBDEA6-AF62-471E-91DD-98EB08905312" comID="904FC80A-CC4D-4D46-A581-A270C9398BD3" comLinkType="cltPageLink"/>
  </page>
  <page ID="6F594E19-7B3F-4751-BD7A-7C8AF3F8B711">
    <linkSource sourcePageID="DD5443CE-69EB-4451-B3DC-FDCABB1A0CE1" comID="E4819C6D-8B38-49C8-B59F-E2778BFAF48C" comLinkType="cltPageLink"/>
    <linkSource sourcePageID="DD5443CE-69EB-4451-B3DC-FDCABB1A0CE1" comID="EB030C9D-F74C-4B19-82A1-E284AB4A494C" comLinkType="cltPageLink"/>
    <linkSource sourcePageID="3800BB45-B806-4C6A-BD79-5096E655F501" comID="E4819C6D-8B38-49C8-B59F-E2778BFAF48C" comLinkType="cltPageLink"/>
    <linkSource sourcePageID="3800BB45-B806-4C6A-BD79-5096E655F501" comID="EB030C9D-F74C-4B19-82A1-E284AB4A494C" comLinkType="cltPageLink"/>
    <linkSource sourcePageID="D1AECAD2-93B6-4BCA-8FCF-9B69903CD37D" comID="41071861-D59D-444F-924A-2A1AD89C52FD" comLinkType="cltPageLink"/>
  </page>
  <page ID="DD5443CE-69EB-4451-B3DC-FDCABB1A0CE1">
    <linkSource sourcePageID="6F594E19-7B3F-4751-BD7A-7C8AF3F8B711" comID="41071861-D59D-444F-924A-2A1AD89C52FD" comLinkType="cltPageLink"/>
    <linkSource sourcePageID="D7011A0C-1BF3-479C-9728-CFA0A5E4EA92" comID="EB030C9D-F74C-4B19-82A1-E284AB4A494C" comLinkType="cltPageLink"/>
  </page>
  <page ID="D7011A0C-1BF3-479C-9728-CFA0A5E4EA92">
    <linkSource sourcePageID="DD5443CE-69EB-4451-B3DC-FDCABB1A0CE1" comID="C6A69795-EB72-4068-9443-4F5946C2BB53" comLinkType="cltPageLink"/>
    <linkSource sourcePageID="3800BB45-B806-4C6A-BD79-5096E655F501" comID="88A14EC7-5FE2-4FDC-924D-55E246035BB9" comLinkType="cltPageLink"/>
  </page>
  <page ID="3800BB45-B806-4C6A-BD79-5096E655F501">
    <linkSource sourcePageID="6F594E19-7B3F-4751-BD7A-7C8AF3F8B711" comID="FA70C12F-82EA-4C81-8CD6-0CA446155D09" comLinkType="cltPageLink"/>
  </page>
</LinkSources>