﻿<mockup version="5.3" minAllowVersion="5.3" ID="0EDE0E48-A35E-440A-BD7C-BA6C77D818E6" platform="MtMobile" defaultW="360" defaultH="640" measureW="360" measureH="640" screenOrientation="MoPortrait" mobileScreenScale="1.77777779102325" clipArea="(0,0,0,0)">
  <controls controlCount="20">
    <control controlID="9F097DE5-1DC1-4815-8C64-5B1233A3BE4B" controlTypeID="Shape" x="0" y="-2" w="360" h="74" zOrder="0">
      <color>4278203136</color>
      <font family="Segoe+UI" displayName="Segoe+UI" postScript="" weightStyle="%D0%9E%D0%B1%D1%8B%D1%87%D0%BD%D1%8B%D0%B9" weight="400" isBold="False" isItalic="False" useDefaultFontFamily="False"/>
      <textSize>14</textSize>
      <selectedIndex>-1</selectedIndex>
      <radius>8</radius>
    </control>
    <control controlID="3000A270-1667-4021-B965-8CC35ECFD7BC" controlTypeID="Icon" x="83" y="9" w="53" h="53" zOrder="1">
      <color>4294967295</color>
      <icon>
        <ID/>
        <iconFontName>jdiconfontA</iconFontName>
        <iconCode>59799</iconCode>
      </icon>
      <URL>E8F04F9040932570AC634F8D59D2388B.svg</URL>
    </control>
    <control controlID="EB030C9D-F74C-4B19-82A1-E284AB4A494C" controlTypeID="Icon" x="20" y="27" w="21" h="21" zOrder="2">
      <color>4294967295</color>
      <links eventType="AtClick" animate="AmNone" animateAutoDelay="0" animateDuration="500">
        <link targetPageID="161D0E9E-536C-4587-B60E-AB180C46481F" linkType="ltPageLink" isApplyIncludePage="False" title="%D0%92%D0%BD%D0%B5%D1%81%D1%82%D0%B8+%D1%81%D1%83%D0%BC%D1%83+%D0%B2%D0%B8%D1%82%D1%80%D0%B0%D1%82%D0%B8">
          <area shape="0" alt="" ID="{8AA1D701-58AC-4CC9-AEDC-6E01012CDC85}" coords="(0,0,21,21)"/>
        </link>
      </links>
      <icon>
        <ID/>
        <iconFontName>jdIonicons</iconFontName>
        <iconCode>62154</iconCode>
      </icon>
      <URL>D95E480717200F895E41DB6E5B869596.svg</URL>
    </control>
    <control controlID="8AC60D02-7E80-4C2B-ACCB-196BF83481F6" controlTypeID="Label" x="146" y="9" w="77" h="27" zOrder="3">
      <color>16777215</color>
      <font family="Segoe+UI" displayName="Segoe+UI" postScript="" weightStyle="%D0%9E%D0%B1%D1%8B%D1%87%D0%BD%D1%8B%D0%B9" weight="400" isBold="False" isItalic="False"/>
      <text>WalletTB</text>
      <textColor>4294967295</textColor>
      <textSize>20</textSize>
      <lineSpacing>0</lineSpacing>
      <useDefaultTextSize>False</useDefaultTextSize>
      <selectedIndex>-1</selectedIndex>
    </control>
    <control controlID="58946BA2-42B0-4611-BF40-44403A88E7E1" controlTypeID="Label" x="146" y="36" w="20" h="18" zOrder="4">
      <font family="Segoe+UI" displayName="Segoe+UI" postScript="" weightStyle="%D0%9E%D0%B1%D1%8B%D1%87%D0%BD%D1%8B%D0%B9" weight="400" isBold="False" isItalic="False"/>
      <text>bot</text>
      <textColor>4294967295</textColor>
      <textSize>13</textSize>
      <lineSpacing>0</lineSpacing>
      <useDefaultTextSize>False</useDefaultTextSize>
      <selectedIndex>-1</selectedIndex>
    </control>
    <control controlID="3742880F-F198-4500-B688-0B3C66BE86BC" controlTypeID="ScrollView" x="0" y="343" w="360" h="113" zOrder="5">
      <isShow>False</isShow>
      <borderVisible>False</borderVisible>
      <groupChildrenDescriptors>
        <control controlID="8DEDBC86-C345-480E-B10C-BC27BC028878" controlTypeID="ScrollViewContentPanel" x="0" y="0" w="360" h="300" zOrder="0">
          <alias>contentPanel</alias>
          <groupChildrenDescriptors>
            <control controlID="904FC80A-CC4D-4D46-A581-A270C9398BD3" controlTypeID="TableView" x="0" y="0" w="360" h="300" zOrder="0">
              <links eventType="AtClick" animate="AmNone" animateAutoDelay="0" animateDuration="500">
                <link targetPageID="0FDDA2D5-7C6E-4C5F-9CDE-5DA315C8396F" linkType="ltPageLink" isApplyIncludePage="False" title="%D0%9A%D0%B0%D1%82%D0%B5%D0%B3%D0%BE%D1%80%D1%96%D1%8F+1">
                  <area shape="0" alt="" ID="{1ED87471-FA4F-4633-8E62-FFE999E4152A}" coords="(1,1,359,37)"/>
                </link>
                <link targetPageID="0FDDA2D5-7C6E-4C5F-9CDE-5DA315C8396F" linkType="ltPageLink" isApplyIncludePage="False" title="%D0%9A%D0%B0%D1%82%D0%B5%D0%B3%D0%BE%D1%80%D1%96%D1%8F+2">
                  <area shape="0" alt="" ID="{24367F64-90C7-4AA1-9A64-324539687513}" coords="(1,37,359,73)"/>
                </link>
                <link targetPageID="0FDDA2D5-7C6E-4C5F-9CDE-5DA315C8396F" linkType="ltPageLink" isApplyIncludePage="False" title="%D0%9A%D0%B0%D1%82%D0%B5%D0%B3%D0%BE%D1%80%D1%96%D1%8F+3">
                  <area shape="0" alt="" ID="{2A0218AD-5D19-4E9C-ADF7-9E6CE5C69039}" coords="(1,73,359,109)"/>
                </link>
                <link targetPageID="0FDDA2D5-7C6E-4C5F-9CDE-5DA315C8396F" linkType="ltPageLink" isApplyIncludePage="False" title="%D0%9A%D0%B0%D1%82%D0%B5%D0%B3%D0%BE%D1%80%D1%96%D1%8F+4">
                  <area shape="0" alt="" ID="{CF671B2D-869D-4BF5-B7EE-A4DE36C05E9C}" coords="(1,109,359,145)"/>
                </link>
                <link targetPageID="0FDDA2D5-7C6E-4C5F-9CDE-5DA315C8396F" linkType="ltPageLink" isApplyIncludePage="False" title="%D0%9A%D0%B0%D1%82%D0%B5%D0%B3%D0%BE%D1%80%D1%96%D1%8F+5">
                  <area shape="0" alt="" ID="{01700979-BF66-4A45-A8D6-3EBCC73ED66D}" coords="(1,145,359,181)"/>
                </link>
                <link targetPageID="0FDDA2D5-7C6E-4C5F-9CDE-5DA315C8396F" linkType="ltPageLink" isApplyIncludePage="False" title="%D0%9A%D0%B0%D1%82%D0%B5%D0%B3%D0%BE%D1%80%D1%96%D1%8F+6">
                  <area shape="0" alt="" ID="{85948773-602B-4D5C-9808-D46B2969CA73}" coords="(1,181,359,217)"/>
                </link>
                <link targetPageID="0FDDA2D5-7C6E-4C5F-9CDE-5DA315C8396F" linkType="ltPageLink" isApplyIncludePage="False" title="%D0%9A%D0%B0%D1%82%D0%B5%D0%B3%D0%BE%D1%80%D1%96%D1%8F+7">
                  <area shape="0" alt="" ID="{876CC59D-D622-4C89-AAE8-1AE2A65E8844}" coords="(1,217,359,253)"/>
                </link>
                <link targetPageID="0FDDA2D5-7C6E-4C5F-9CDE-5DA315C8396F" linkType="ltPageLink" isApplyIncludePage="False" title="%D0%9A%D0%B0%D1%82%D0%B5%D0%B3%D0%BE%D1%80%D1%96%D1%8F+8">
                  <area shape="0" alt="" ID="{D207ADD2-1C7C-41C9-AAC3-69FDA2358AD9}" coords="(1,253,359,289)"/>
                </link>
                <link targetPageID="" linkType="ltPageLink" isApplyIncludePage="False" title="%D0%9A%D0%B0%D1%82%D0%B5%D0%B3%D0%BE%D1%80%D1%96%D1%8F+9">
                  <area shape="0" alt="" ID="{F6BA948C-EC6B-4503-A2CA-DB0CB20C357F}" coords="(1,289,359,300)"/>
                </link>
                <link targetPageID="" linkType="ltPageLink" isApplyIncludePage="False" title="%D0%9A%D0%B0%D1%82%D0%B5%D0%B3%D0%BE%D1%80%D1%96%D1%8F+10">
                  <area shape="0" alt="" ID="{05298717-D444-4CE5-9EA0-1979DB318270}" coords="(0,0,0,0)"/>
                </link>
              </links>
              <font family="Segoe+UI" displayName="Segoe+UI" postScript="" weightStyle="%D0%9E%D0%B1%D1%8B%D1%87%D0%BD%D1%8B%D0%B9" weight="400" isBold="False" isItalic="False"/>
              <text>%D0%9A%D0%B0%D1%82%D0%B5%D0%B3%D0%BE%D1%80%D1%96%D1%8F+1%0D%0A%D0%9A%D0%B0%D1%82%D0%B5%D0%B3%D0%BE%D1%80%D1%96%D1%8F+2%0D%0A%D0%9A%D0%B0%D1%82%D0%B5%D0%B3%D0%BE%D1%80%D1%96%D1%8F+3%0D%0A%D0%9A%D0%B0%D1%82%D0%B5%D0%B3%D0%BE%D1%80%D1%96%D1%8F+4%0D%0A%D0%9A%D0%B0%D1%82%D0%B5%D0%B3%D0%BE%D1%80%D1%96%D1%8F+5%0D%0A%D0%9A%D0%B0%D1%82%D0%B5%D0%B3%D0%BE%D1%80%D1%96%D1%8F+6%0D%0A%D0%9A%D0%B0%D1%82%D0%B5%D0%B3%D0%BE%D1%80%D1%96%D1%8F+7%0D%0A%D0%9A%D0%B0%D1%82%D0%B5%D0%B3%D0%BE%D1%80%D1%96%D1%8F+8%0D%0A%D0%9A%D0%B0%D1%82%D0%B5%D0%B3%D0%BE%D1%80%D1%96%D1%8F+9%0D%0A%D0%9A%D0%B0%D1%82%D0%B5%D0%B3%D0%BE%D1%80%D1%96%D1%8F+10</text>
              <textSize>14</textSize>
              <lineSpacing>0</lineSpacing>
            </control>
          </groupChildrenDescriptors>
        </control>
        <control controlID="ED1A6BEC-8218-4570-B138-03185D7332B6" controlTypeID="Border" x="0" y="0" w="360" h="113" zOrder="1">
          <color>4284900966</color>
          <borderColor>4278190080</borderColor>
          <borderVisible>False</borderVisible>
          <alias>borderLayer</alias>
        </control>
      </groupChildrenDescriptors>
    </control>
    <control controlID="6F135681-3C4A-4CAA-AB36-835E87A1EB9C" controlTypeID="Shape" x="0" y="519" w="360" h="124" zOrder="6">
      <color>4290888129</color>
      <borderColor>4288256409</borderColor>
      <font family="Segoe+UI" displayName="Segoe+UI" postScript="" weightStyle="%D0%9E%D0%B1%D1%8B%D1%87%D0%BD%D1%8B%D0%B9" weight="400" isBold="False" isItalic="False" useDefaultFontFamily="False"/>
      <textColor>4294967295</textColor>
      <selectedIndex>-1</selectedIndex>
      <dashMode>SdDash</dashMode>
      <borderMode>[bmRight,bmBottom]</borderMode>
      <radius>8</radius>
    </control>
    <control controlID="4E3B2699-D5FB-4E79-BECC-1408F9B4CA0A" controlTypeID="Shape" x="0" y="456" w="360" h="63" zOrder="7">
      <font family="Segoe+UI" displayName="Segoe+UI" postScript="" weightStyle="%D0%9E%D0%B1%D1%8B%D1%87%D0%BD%D1%8B%D0%B9" weight="400" isBold="False" isItalic="False"/>
      <textSize>14</textSize>
      <selectedIndex>-1</selectedIndex>
    </control>
    <control controlID="06773843-1FD9-472F-9D0A-B7C0432E3641" controlTypeID="Icon" x="20" y="472" w="32" h="32" zOrder="8">
      <icon>
        <ID/>
        <iconFontName>jdIcoFont</iconFontName>
        <iconCode>59270</iconCode>
      </icon>
      <URL>ED3EBA099F8499F3DD0DEA6F8C141DA7.svg</URL>
    </control>
    <control controlID="E7CF12C1-0D91-4B21-9091-8AE46EC2CECD" controlTypeID="Icon" x="279" y="473" w="30" h="30" zOrder="9">
      <icon>
        <ID/>
        <iconFontName>jdIonicons</iconFontName>
        <iconCode>62311</iconCode>
      </icon>
      <URL>112EE2F1122E853B6A7454D88207E9C6.svg</URL>
    </control>
    <control controlID="DFE10442-E97C-48E0-8251-A0F229F3AB0A" controlTypeID="Icon" x="319" y="474" w="28" h="28" zOrder="10">
      <icon>
        <ID/>
        <iconFontName>jdIonicons</iconFontName>
        <iconCode>62188</iconCode>
      </icon>
      <URL>6F1E26DA3F4DA7A720AD334E97A085AC.svg</URL>
    </control>
    <control controlID="46EB172E-B867-401D-861C-70F7A1ED7A93" controlTypeID="Shape" x="24" y="529" w="317" h="44" zOrder="11">
      <color>4288256409</color>
      <borderColor>4288256409</borderColor>
      <interactiveData>
        <entry title="">
          <area shape="0" alt="" ID="{9E4DAFFA-2FC0-4D4F-A8D8-B8A3D7D085E7}" coords="(0,0,317,44)"/>
          <events title="">
            <event eventType="atClick" isChecked="True">
              <behaviour title="" isChecked="True" isWait="False" isLoop="False" execMode="emParallel">
                <target targetID="904FC80A-CC4D-4D46-A581-A270C9398BD3" isChecked="True" isAutoRecovery="False" isLoop="False" execMode="emSequence">
                  <command name="Change Visibility" isChecked="True" descrition="">
                    <param name="AniInterpolation" value="1" varType="3" description=""/>
                    <param name="AniDuration" value="200" varType="3" description=""/>
                    <param name="AniAutoReverse" value="False" varType="11" description=""/>
                    <param name="AniLoop" value="False" varType="11" description=""/>
                    <param name="AniInterpolationTypeOut" value="False" varType="11" description=""/>
                    <param name="Delay" value="0" varType="3" description=""/>
                    <param name="ValueFromCurrent" value="True" varType="11" description=""/>
                    <param name="ForceFromInitValue" value="False" varType="11" description=""/>
                    <param name="ForceSetVisible" value="False" varType="11" description=""/>
                    <param name="Value" value="2" varType="3" description=""/>
                    <param name="TerminateLoopByClick" value="True" varType="11" description=""/>
                  </command>
                </target>
                <target targetID="3742880F-F198-4500-B688-0B3C66BE86BC" isChecked="True" isAutoRecovery="False" isLoop="False" execMode="emSequence">
                  <command name="Change Visibility" isChecked="True" descrition="">
                    <param name="AniInterpolation" value="1" varType="3" description=""/>
                    <param name="AniDuration" value="200" varType="3" description=""/>
                    <param name="AniAutoReverse" value="False" varType="11" description=""/>
                    <param name="AniLoop" value="False" varType="11" description=""/>
                    <param name="AniInterpolationTypeOut" value="False" varType="11" description=""/>
                    <param name="Delay" value="0" varType="3" description=""/>
                    <param name="ValueFromCurrent" value="True" varType="11" description=""/>
                    <param name="ForceFromInitValue" value="False" varType="11" description=""/>
                    <param name="ForceSetVisible" value="False" varType="11" description=""/>
                    <param name="Value" value="2" varType="3" description=""/>
                    <param name="TerminateLoopByClick" value="True" varType="11" description=""/>
                  </command>
                </target>
                <target targetID="F788F986-584F-49AC-A07E-9C324BB346D8" isChecked="True" isAutoRecovery="False" isLoop="False" execMode="emSequence">
                  <command name="Move" isChecked="True" descrition="">
                    <param name="AniInterpolation" value="1" varType="3" description=""/>
                    <param name="AniDuration" value="0" varType="4" description=""/>
                    <param name="AniAutoReverse" value="False" varType="11" description=""/>
                    <param name="AniLoop" value="False" varType="11" description=""/>
                    <param name="AniInterpolationTypeOut" value="False" varType="11" description=""/>
                    <param name="Delay" value="0" varType="3" description=""/>
                    <param name="MoveMode" value="1" varType="3" description=""/>
                    <param name="ValueFromCurrent" value="True" varType="11" description=""/>
                    <param name="FromX" value="0" varType="3" description=""/>
                    <param name="FromY" value="0" varType="3" description=""/>
                    <param name="ToX" value="10" varType="256" description=""/>
                    <param name="ToY" value="285" varType="256" description=""/>
                    <param name="ByX" value="0" varType="256" description=""/>
                    <param name="ByY" value="-150" varType="256" description=""/>
                    <param name="TerminateLoopByClick" value="True" varType="11" description=""/>
                    <param name="MovePlaceVert" value="2" varType="3" description=""/>
                    <param name="MovePlaceHori" value="1" varType="3" description=""/>
                  </command>
                </target>
                <target targetID="247B8C7A-DF5B-4A17-B03A-EE0B477BA6C3" isChecked="True" isAutoRecovery="False" isLoop="False" execMode="emSequence">
                  <command name="Move" isChecked="True" descrition="">
                    <param name="AniInterpolation" value="1" varType="3" description=""/>
                    <param name="AniDuration" value="200" varType="3" description=""/>
                    <param name="AniAutoReverse" value="False" varType="11" description=""/>
                    <param name="AniLoop" value="False" varType="11" description=""/>
                    <param name="AniInterpolationTypeOut" value="False" varType="11" description=""/>
                    <param name="Delay" value="0" varType="3" description=""/>
                    <param name="MoveMode" value="1" varType="3" description=""/>
                    <param name="ValueFromCurrent" value="True" varType="11" description=""/>
                    <param name="FromX" value="0" varType="3" description=""/>
                    <param name="FromY" value="0" varType="3" description=""/>
                    <param name="ToX" value="200" varType="256" description=""/>
                    <param name="ToY" value="225" varType="256" description=""/>
                    <param name="ByX" value="0" varType="256" description=""/>
                    <param name="ByY" value="250" varType="256" description=""/>
                    <param name="TerminateLoopByClick" value="True" varType="11" description=""/>
                    <param name="MovePlaceVert" value="3" varType="3" description=""/>
                    <param name="MovePlaceHori" value="1" varType="3" description=""/>
                  </command>
                </target>
                <target targetID="D1782934-00FD-455B-8856-5FD18CE9B61E" isChecked="True" isAutoRecovery="False" isLoop="False" execMode="emSequence">
                  <command name="Move" isChecked="True" descrition="">
                    <param name="AniInterpolation" value="1" varType="3" description=""/>
                    <param name="AniDuration" value="200" varType="3" description=""/>
                    <param name="AniAutoReverse" value="False" varType="11" description=""/>
                    <param name="AniLoop" value="False" varType="11" description=""/>
                    <param name="AniInterpolationTypeOut" value="False" varType="11" description=""/>
                    <param name="Delay" value="0" varType="3" description=""/>
                    <param name="MoveMode" value="1" varType="3" description=""/>
                    <param name="ValueFromCurrent" value="True" varType="11" description=""/>
                    <param name="FromX" value="0" varType="3" description=""/>
                    <param name="FromY" value="0" varType="3" description=""/>
                    <param name="ToX" value="10" varType="256" description=""/>
                    <param name="ToY" value="160" varType="256" description=""/>
                    <param name="ByX" value="200" varType="3" description=""/>
                    <param name="ByY" value="0" varType="3" description=""/>
                    <param name="TerminateLoopByClick" value="True" varType="11" description=""/>
                    <param name="MovePlaceVert" value="3" varType="3" description=""/>
                    <param name="MovePlaceHori" value="1" varType="3" description=""/>
                  </command>
                </target>
              </behaviour>
            </event>
            <event eventType="atLoad" isChecked="True">
              <behaviour title="" isChecked="True" isWait="False" isLoop="False" execMode="emParallel">
                <target targetID="904FC80A-CC4D-4D46-A581-A270C9398BD3" isChecked="True" isAutoRecovery="False" isLoop="False" execMode="emSequence">
                  <command name="Change Visibility" isChecked="True" descrition="">
                    <param name="AniInterpolation" value="1" varType="3" description=""/>
                    <param name="AniDuration" value="200" varType="3" description=""/>
                    <param name="AniAutoReverse" value="False" varType="11" description=""/>
                    <param name="AniLoop" value="False" varType="11" description=""/>
                    <param name="AniInterpolationTypeOut" value="False" varType="11" description=""/>
                    <param name="Delay" value="0" varType="3" description=""/>
                    <param name="ValueFromCurrent" value="True" varType="11" description=""/>
                    <param name="ForceFromInitValue" value="False" varType="11" description=""/>
                    <param name="ForceSetVisible" value="False" varType="11" description=""/>
                    <param name="Value" value="2" varType="3" description=""/>
                    <param name="TerminateLoopByClick" value="True" varType="11" description=""/>
                  </command>
                </target>
              </behaviour>
            </event>
          </events>
        </entry>
      </interactiveData>
      <font family="Segoe+UI" displayName="Segoe+UI" postScript="" weightStyle="%D0%9E%D0%B1%D1%8B%D1%87%D0%BD%D1%8B%D0%B9" weight="400" isBold="False" isItalic="False"/>
      <text>%D0%92%D0%B8%D0%B1%D1%80%D0%B0%D1%82%D0%B8+%D0%BA%D0%B0%D1%82%D0%B5%D0%B3%D0%BE%D1%80%D1%96%D1%8E</text>
      <textColor>4281545523</textColor>
      <textSize>14</textSize>
      <selectedIndex>-1</selectedIndex>
    </control>
    <control controlID="41071861-D59D-444F-924A-2A1AD89C52FD" controlTypeID="Shape" x="23" y="583" w="317" h="44" zOrder="12">
      <color>4288256409</color>
      <borderColor>4288256409</borderColor>
      <links eventType="AtClick" animate="AmNone" animateAutoDelay="0" animateDuration="500">
        <link targetPageID="161D0E9E-536C-4587-B60E-AB180C46481F" linkType="ltPageLink" isApplyIncludePage="False" title="%D0%92%D0%BD%D0%B5%D1%81%D1%82%D0%B8+%D1%81%D1%83%D0%BC%D1%83+%D0%B2%D0%B8%D1%82%D1%80%D0%B0%D1%82%D0%B8">
          <area shape="0" alt="" ID="{3E086537-F897-4F01-AC84-8E3078FFDA6C}" coords="(0,0,317,44)"/>
        </link>
      </links>
      <font family="Segoe+UI" displayName="Segoe+UI" postScript="" weightStyle="%D0%9E%D0%B1%D1%8B%D1%87%D0%BD%D1%8B%D0%B9" weight="400" isBold="False" isItalic="False"/>
      <text>%D0%9D%D0%B0%D0%B7%D0%B0%D0%B4</text>
      <textColor>4281545523</textColor>
      <textSize>14</textSize>
      <selectedIndex>-1</selectedIndex>
    </control>
    <control controlID="D1782934-00FD-455B-8856-5FD18CE9B61E" controlTypeID="Button" x="10" y="285" w="147" h="48" zOrder="13">
      <color>4284900966</color>
      <borderColor>4294967295</borderColor>
      <borderVisible>False</borderVisible>
      <font family="Segoe+UI" displayName="Segoe+UI" postScript="" weightStyle="%D0%9E%D0%B1%D1%8B%D1%87%D0%BD%D1%8B%D0%B9" weight="400" isBold="False" isItalic="False" useDefaultFontFamily="False"/>
      <text>%2F%D0%92%D0%BD%D0%B5%D1%81%D0%B5%D0%BD%D0%BD%D1%8F+%D1%81%D1%83%D0%BC%D0%BC%D0%B8+%D0%B2%D0%B8%D1%82%D1%80%D0%B0%D1%87%D0%B5%D0%BD%D0%B8%D1%85+%D0%BA%D0%BE%D1%88%D1%82%D1%96%D0%B2</text>
      <textColor>4294967295</textColor>
      <lineSpacing>0</lineSpacing>
      <useDefaultTextSize>False</useDefaultTextSize>
      <selectedIndex>-1</selectedIndex>
      <radius>10</radius>
    </control>
    <control controlID="247B8C7A-DF5B-4A17-B03A-EE0B477BA6C3" controlTypeID="Button" x="200" y="343" w="147" h="48" zOrder="14">
      <color>4284900966</color>
      <borderColor>4294967295</borderColor>
      <borderVisible>False</borderVisible>
      <font family="Segoe+UI" displayName="Segoe+UI" postScript="" weightStyle="%D0%9E%D0%B1%D1%8B%D1%87%D0%BD%D1%8B%D0%B9" weight="400" isBold="False" isItalic="False" useDefaultFontFamily="False"/>
      <text>%D0%A1%D1%83%D0%BC%D0%B0+%D0%B2%D0%B8%D1%82%D1%80%D0%B0%D1%82%D0%B8+%3A+N+%D0%B3%D1%80%D0%BD.</text>
      <textColor>4294967295</textColor>
      <lineSpacing>0</lineSpacing>
      <useDefaultTextSize>False</useDefaultTextSize>
      <selectedIndex>-1</selectedIndex>
      <radius>10</radius>
    </control>
    <control controlID="F788F986-584F-49AC-A07E-9C324BB346D8" controlTypeID="Button" x="10" y="390" w="147" h="48" zOrder="15">
      <color>4284900966</color>
      <borderColor>4294967295</borderColor>
      <borderVisible>False</borderVisible>
      <font family="Segoe+UI" displayName="Segoe+UI" postScript="" weightStyle="%D0%9E%D0%B1%D1%8B%D1%87%D0%BD%D1%8B%D0%B9" weight="400" isBold="False" isItalic="False" useDefaultFontFamily="False"/>
      <text>%D0%92%D0%B8%D0%B1%D0%B5%D1%80%D1%96%D1%82%D1%8C+%D0%BA%D0%B0%D1%82%D0%B5%D0%B3%D0%BE%D1%80%D1%96%D1%8E+%D0%B2%D0%B8%D1%82%D1%80%D0%B0%D1%82%D0%B8</text>
      <textColor>4294967295</textColor>
      <lineSpacing>0</lineSpacing>
      <useDefaultTextSize>False</useDefaultTextSize>
      <selectedIndex>-1</selectedIndex>
      <radius>10</radius>
    </control>
    <control controlID="3B1AC81A-EAA0-40F3-A6EC-2869C1C6A97F" controlTypeID="TextField" x="62" y="463" w="207" h="39" zOrder="16">
      <font family="Segoe+UI" displayName="Segoe+UI" postScript="" weightStyle="%D0%9E%D0%B1%D1%8B%D1%87%D0%BD%D1%8B%D0%B9" weight="400" isBold="False" isItalic="False"/>
      <textSize>14</textSize>
      <lineSpacing>0</lineSpacing>
      <selectedIndex>-1</selectedIndex>
      <showIcon>False</showIcon>
      <placeHolder>%D0%9F%D0%BE%D0%B2%D1%96%D0%B4%D0%BE%D0%BC%D0%BB%D0%B5%D0%BD%D0%BD%D1%8F</placeHolder>
    </control>
  </controls>
  <param>
    <backgroundColor>4279183437</backgroundColor>
    <fontSize>14</fontSize>
    <fontFamily>Segoe+UI</fontFamily>
    <guideLines/>
  </param>
</mockup>