﻿<mockup version="5.3" minAllowVersion="5.3" ID="161D0E9E-536C-4587-B60E-AB180C46481F" platform="MtMobile" defaultW="360" defaultH="640" measureW="360" measureH="640" screenOrientation="MoPortrait" mobileScreenScale="1.77777779102325" clipArea="(0,0,0,0)">
  <controls controlCount="15">
    <control controlID="9F097DE5-1DC1-4815-8C64-5B1233A3BE4B" controlTypeID="Shape" x="0" y="-2" w="360" h="74" zOrder="0">
      <color>4278203136</color>
      <font family="Segoe+UI" displayName="Segoe+UI" postScript="" weightStyle="%D0%9E%D0%B1%D1%8B%D1%87%D0%BD%D1%8B%D0%B9" weight="400" isBold="False" isItalic="False" useDefaultFontFamily="False"/>
      <textSize>14</textSize>
      <selectedIndex>-1</selectedIndex>
      <radius>8</radius>
    </control>
    <control controlID="3000A270-1667-4021-B965-8CC35ECFD7BC" controlTypeID="Icon" x="83" y="9" w="53" h="53" zOrder="1">
      <color>4294967295</color>
      <icon>
        <ID/>
        <iconFontName>jdiconfontA</iconFontName>
        <iconCode>59799</iconCode>
      </icon>
      <URL>E8F04F9040932570AC634F8D59D2388B.svg</URL>
    </control>
    <control controlID="EB030C9D-F74C-4B19-82A1-E284AB4A494C" controlTypeID="Icon" x="20" y="27" w="21" h="21" zOrder="2">
      <color>4294967295</color>
      <links eventType="AtClick" animate="AmNone" animateAutoDelay="0" animateDuration="500">
        <link targetPageID="D1AECAD2-93B6-4BCA-8FCF-9B69903CD37D" linkType="ltPageLink" isApplyIncludePage="False" title="Home">
          <area shape="0" alt="" ID="{31EDC7DC-3950-423F-B7F7-825C453546C1}" coords="(0,0,21,21)"/>
        </link>
      </links>
      <icon>
        <ID/>
        <iconFontName>jdIonicons</iconFontName>
        <iconCode>62154</iconCode>
      </icon>
      <URL>D95E480717200F895E41DB6E5B869596.svg</URL>
    </control>
    <control controlID="8AC60D02-7E80-4C2B-ACCB-196BF83481F6" controlTypeID="Label" x="146" y="9" w="77" h="27" zOrder="3">
      <color>16777215</color>
      <font family="Segoe+UI" displayName="Segoe+UI" postScript="" weightStyle="%D0%9E%D0%B1%D1%8B%D1%87%D0%BD%D1%8B%D0%B9" weight="400" isBold="False" isItalic="False"/>
      <text>WalletTB</text>
      <textColor>4294967295</textColor>
      <textSize>20</textSize>
      <lineSpacing>0</lineSpacing>
      <useDefaultTextSize>False</useDefaultTextSize>
      <selectedIndex>-1</selectedIndex>
    </control>
    <control controlID="58946BA2-42B0-4611-BF40-44403A88E7E1" controlTypeID="Label" x="146" y="36" w="20" h="18" zOrder="4">
      <font family="Segoe+UI" displayName="Segoe+UI" postScript="" weightStyle="%D0%9E%D0%B1%D1%8B%D1%87%D0%BD%D1%8B%D0%B9" weight="400" isBold="False" isItalic="False"/>
      <text>bot</text>
      <textColor>4294967295</textColor>
      <textSize>13</textSize>
      <lineSpacing>0</lineSpacing>
      <useDefaultTextSize>False</useDefaultTextSize>
      <selectedIndex>-1</selectedIndex>
    </control>
    <control controlID="6F135681-3C4A-4CAA-AB36-835E87A1EB9C" controlTypeID="Shape" x="0" y="519" w="360" h="124" zOrder="5">
      <color>4290888129</color>
      <borderColor>4288256409</borderColor>
      <font family="Segoe+UI" displayName="Segoe+UI" postScript="" weightStyle="%D0%9E%D0%B1%D1%8B%D1%87%D0%BD%D1%8B%D0%B9" weight="400" isBold="False" isItalic="False" useDefaultFontFamily="False"/>
      <textColor>4294967295</textColor>
      <selectedIndex>-1</selectedIndex>
      <dashMode>SdDash</dashMode>
      <borderMode>[bmRight,bmBottom]</borderMode>
      <radius>8</radius>
    </control>
    <control controlID="4E3B2699-D5FB-4E79-BECC-1408F9B4CA0A" controlTypeID="Shape" x="0" y="411" w="360" h="63" zOrder="6">
      <font family="Segoe+UI" displayName="Segoe+UI" postScript="" weightStyle="%D0%9E%D0%B1%D1%8B%D1%87%D0%BD%D1%8B%D0%B9" weight="400" isBold="False" isItalic="False"/>
      <textSize>14</textSize>
      <selectedIndex>-1</selectedIndex>
    </control>
    <control controlID="06773843-1FD9-472F-9D0A-B7C0432E3641" controlTypeID="Icon" x="20" y="424" w="32" h="32" zOrder="7">
      <icon>
        <ID/>
        <iconFontName>jdIcoFont</iconFontName>
        <iconCode>59270</iconCode>
      </icon>
      <URL>ED3EBA099F8499F3DD0DEA6F8C141DA7.svg</URL>
    </control>
    <control controlID="46EB172E-B867-401D-861C-70F7A1ED7A93" controlTypeID="Shape" x="60" y="532" w="230" h="44" zOrder="8">
      <color>4288256409</color>
      <borderColor>4288256409</borderColor>
      <font family="Segoe+UI" displayName="Segoe+UI" postScript="" weightStyle="%D0%9E%D0%B1%D1%8B%D1%87%D0%BD%D1%8B%D0%B9" weight="400" isBold="False" isItalic="False"/>
      <text>%D0%92%D0%BD%D0%B5%D1%81%D0%B5%D0%BD%D0%BD%D1%8F+%D0%B2%D0%B8%D1%82%D1%80%D0%B0%D1%82+%D0%B2%D1%80%D1%83%D1%87%D0%BD%D1%83</text>
      <textColor>4281545523</textColor>
      <textSize>14</textSize>
      <selectedIndex>-1</selectedIndex>
    </control>
    <control controlID="FA70C12F-82EA-4C81-8CD6-0CA446155D09" controlTypeID="Shape" x="59" y="586" w="231" h="44" zOrder="9">
      <color>4288256409</color>
      <borderColor>4288256409</borderColor>
      <font family="Segoe+UI" displayName="Segoe+UI" postScript="" weightStyle="%D0%9E%D0%B1%D1%8B%D1%87%D0%BD%D1%8B%D0%B9" weight="400" isBold="False" isItalic="False"/>
      <textColor>4281545523</textColor>
      <textSize>14</textSize>
      <selectedIndex>-1</selectedIndex>
    </control>
    <control controlID="76273499-B9FD-4F46-9313-EC8378377947" controlTypeID="Button" x="20" y="286" w="147" h="48" zOrder="10">
      <color>4284900966</color>
      <borderColor>4294967295</borderColor>
      <borderVisible>False</borderVisible>
      <font family="Segoe+UI" displayName="Segoe+UI" postScript="" weightStyle="%D0%9E%D0%B1%D1%8B%D1%87%D0%BD%D1%8B%D0%B9" weight="400" isBold="False" isItalic="False" useDefaultFontFamily="False"/>
      <text>%2F%D0%92%D0%BD%D0%B5%D1%81%D0%B5%D0%BD%D0%BD%D1%8F+%D1%81%D1%83%D0%BC%D0%BC%D0%B8+%D0%B2%D0%B8%D1%82%D1%80%D0%B0%D1%87%D0%B5%D0%BD%D0%B8%D1%85+%D0%BA%D0%BE%D1%88%D1%82%D1%96%D0%B2</text>
      <textColor>4294967295</textColor>
      <lineSpacing>0</lineSpacing>
      <useDefaultTextSize>False</useDefaultTextSize>
      <selectedIndex>-1</selectedIndex>
      <radius>10</radius>
    </control>
    <control controlID="8512079F-3414-42BA-8D5F-662824CF49F7" controlTypeID="Button" x="20" y="344" w="147" h="48" zOrder="11">
      <color>4284900966</color>
      <borderColor>4294967295</borderColor>
      <borderVisible>False</borderVisible>
      <font family="Segoe+UI" displayName="Segoe+UI" postScript="" weightStyle="%D0%9E%D0%B1%D1%8B%D1%87%D0%BD%D1%8B%D0%B9" weight="400" isBold="False" isItalic="False" useDefaultFontFamily="False"/>
      <text>%D0%92%D0%BD%D0%B5%D1%81%D1%96%D1%82%D1%8C+%D1%81%D1%83%D0%BC%D1%83+%D0%B2%D0%B8%D1%82%D1%80%D0%B0%D1%82%D0%B8</text>
      <textColor>4294967295</textColor>
      <lineSpacing>0</lineSpacing>
      <useDefaultTextSize>False</useDefaultTextSize>
      <selectedIndex>-1</selectedIndex>
      <radius>10</radius>
    </control>
    <control controlID="37FDE405-B88E-43F8-A559-569E541A9059" controlTypeID="Keyboard" x="0" y="471" w="360" h="172" zOrder="12"/>
    <control controlID="3516C165-67C8-4A1B-9788-557A4B3881C0" controlTypeID="TextField" x="78" y="415" w="219" h="39" zOrder="13">
      <font family="Segoe+UI" displayName="Segoe+UI" postScript="" weightStyle="%D0%9E%D0%B1%D1%8B%D1%87%D0%BD%D1%8B%D0%B9" weight="400" isBold="False" isItalic="False"/>
      <textSize>14</textSize>
      <lineSpacing>0</lineSpacing>
      <selectedIndex>-1</selectedIndex>
      <showIcon>False</showIcon>
      <placeHolder>%D0%9F%D0%BE%D0%B2%D1%96%D0%B4%D0%BE%D0%BC%D0%BB%D0%B5%D0%BD%D0%BD%D1%8F</placeHolder>
    </control>
    <control controlID="82856F4D-C63B-4B22-B573-7B6382829C4A" controlTypeID="Icon" x="316" y="430" w="24" h="24" zOrder="14">
      <links eventType="AtClick" animate="AmNone" animateAutoDelay="0" animateDuration="500">
        <link targetPageID="0EDE0E48-A35E-440A-BD7C-BA6C77D818E6" linkType="ltPageLink" isApplyIncludePage="False" title="%D0%92%D0%BD%D0%B5%D1%81%D1%82%D0%B8+%D0%BA%D0%B0%D1%82%D0%B5%D0%B3%D0%BE%D1%80%D1%96%D1%8E+%D0%B2%D0%B8%D1%82%D1%80%D0%B0%D1%82%D0%B8">
          <area shape="0" alt="" ID="{AF8C35DF-520E-45DA-8196-AAF7AE8EA138}" coords="(0,0,24,24)"/>
        </link>
      </links>
      <icon>
        <ID/>
        <iconFontName>jdIonicons</iconFontName>
        <iconCode>62198</iconCode>
      </icon>
      <URL>C70C068EC98855A569C260E732599671.svg</URL>
    </control>
  </controls>
  <param>
    <backgroundColor>4279183437</backgroundColor>
    <fontSize>14</fontSize>
    <fontFamily>Segoe+UI</fontFamily>
    <guideLines/>
  </param>
</mockup>