﻿<mockup version="5.3" minAllowVersion="5.3" ID="3800BB45-B806-4C6A-BD79-5096E655F501" platform="MtMobile" defaultW="360" defaultH="640" measureW="360" measureH="640" screenOrientation="MoPortrait" mobileScreenScale="1.77777779102325" clipArea="(0,0,0,0)">
  <controls controlCount="23">
    <control controlID="9F097DE5-1DC1-4815-8C64-5B1233A3BE4B" controlTypeID="Shape" x="0" y="-2" w="360" h="74" zOrder="0">
      <color>4278203136</color>
      <font family="Segoe+UI" displayName="Segoe+UI" postScript="" weightStyle="%D0%9E%D0%B1%D1%8B%D1%87%D0%BD%D1%8B%D0%B9" weight="400" isBold="False" isItalic="False" useDefaultFontFamily="False"/>
      <textSize>14</textSize>
      <selectedIndex>-1</selectedIndex>
      <radius>8</radius>
    </control>
    <control controlID="3000A270-1667-4021-B965-8CC35ECFD7BC" controlTypeID="Icon" x="83" y="9" w="53" h="53" zOrder="1">
      <color>4294967295</color>
      <icon>
        <ID/>
        <iconFontName>jdiconfontA</iconFontName>
        <iconCode>59799</iconCode>
      </icon>
      <URL>E8F04F9040932570AC634F8D59D2388B.svg</URL>
    </control>
    <control controlID="EB030C9D-F74C-4B19-82A1-E284AB4A494C" controlTypeID="Icon" x="20" y="27" w="21" h="21" zOrder="2">
      <color>4294967295</color>
      <links eventType="AtClick" animate="AmNone" animateAutoDelay="0" animateDuration="500">
        <link targetPageID="6F594E19-7B3F-4751-BD7A-7C8AF3F8B711" linkType="ltPageLink" isApplyIncludePage="False" title="%D0%A0%D0%B5%D0%B4%D0%B0%D0%B3%D1%83%D0%B2%D0%B0%D0%BD%D0%BD%D1%8F+%D1%81%D0%B8%D1%81%D1%82%D0%B5%D0%BC%D0%B8">
          <area shape="0" alt="" ID="{E7E84AF7-1542-4B55-8C07-13B99353A70F}" coords="(0,0,21,21)"/>
        </link>
      </links>
      <icon>
        <ID/>
        <iconFontName>jdIonicons</iconFontName>
        <iconCode>62154</iconCode>
      </icon>
      <URL>D95E480717200F895E41DB6E5B869596.svg</URL>
    </control>
    <control controlID="8AC60D02-7E80-4C2B-ACCB-196BF83481F6" controlTypeID="Label" x="146" y="9" w="77" h="27" zOrder="3">
      <color>16777215</color>
      <font family="Segoe+UI" displayName="Segoe+UI" postScript="" weightStyle="%D0%9E%D0%B1%D1%8B%D1%87%D0%BD%D1%8B%D0%B9" weight="400" isBold="False" isItalic="False"/>
      <text>WalletTB</text>
      <textColor>4294967295</textColor>
      <textSize>20</textSize>
      <lineSpacing>0</lineSpacing>
      <useDefaultTextSize>False</useDefaultTextSize>
      <selectedIndex>-1</selectedIndex>
    </control>
    <control controlID="58946BA2-42B0-4611-BF40-44403A88E7E1" controlTypeID="Label" x="146" y="36" w="20" h="18" zOrder="4">
      <font family="Segoe+UI" displayName="Segoe+UI" postScript="" weightStyle="%D0%9E%D0%B1%D1%8B%D1%87%D0%BD%D1%8B%D0%B9" weight="400" isBold="False" isItalic="False"/>
      <text>bot</text>
      <textColor>4294967295</textColor>
      <textSize>13</textSize>
      <lineSpacing>0</lineSpacing>
      <useDefaultTextSize>False</useDefaultTextSize>
      <selectedIndex>-1</selectedIndex>
    </control>
    <control controlID="6F135681-3C4A-4CAA-AB36-835E87A1EB9C" controlTypeID="Shape" x="0" y="519" w="360" h="124" zOrder="5">
      <color>4290888129</color>
      <borderColor>4288256409</borderColor>
      <font family="Segoe+UI" displayName="Segoe+UI" postScript="" weightStyle="%D0%9E%D0%B1%D1%8B%D1%87%D0%BD%D1%8B%D0%B9" weight="400" isBold="False" isItalic="False" useDefaultFontFamily="False"/>
      <textColor>4294967295</textColor>
      <selectedIndex>-1</selectedIndex>
      <dashMode>SdDash</dashMode>
      <borderMode>[bmRight,bmBottom]</borderMode>
      <radius>8</radius>
    </control>
    <control controlID="4E3B2699-D5FB-4E79-BECC-1408F9B4CA0A" controlTypeID="Shape" x="0" y="456" w="360" h="63" zOrder="6">
      <font family="Segoe+UI" displayName="Segoe+UI" postScript="" weightStyle="%D0%9E%D0%B1%D1%8B%D1%87%D0%BD%D1%8B%D0%B9" weight="400" isBold="False" isItalic="False"/>
      <textSize>14</textSize>
      <selectedIndex>-1</selectedIndex>
    </control>
    <control controlID="06773843-1FD9-472F-9D0A-B7C0432E3641" controlTypeID="Icon" x="20" y="472" w="32" h="32" zOrder="7">
      <icon>
        <ID/>
        <iconFontName>jdIcoFont</iconFontName>
        <iconCode>59270</iconCode>
      </icon>
      <URL>ED3EBA099F8499F3DD0DEA6F8C141DA7.svg</URL>
    </control>
    <control controlID="E7CF12C1-0D91-4B21-9091-8AE46EC2CECD" controlTypeID="Icon" x="279" y="473" w="30" h="30" zOrder="8">
      <icon>
        <ID/>
        <iconFontName>jdIonicons</iconFontName>
        <iconCode>62311</iconCode>
      </icon>
      <URL>112EE2F1122E853B6A7454D88207E9C6.svg</URL>
    </control>
    <control controlID="CE15A292-272C-40E2-A1E6-B5CB699A9433" controlTypeID="Icon" x="241" y="474" w="28" h="28" zOrder="9">
      <icon>
        <ID/>
        <iconFontName>jdIcoMoonFree</iconFontName>
        <iconCode>59740</iconCode>
      </icon>
      <URL>F0BDAC64E7EBA2A3D254960B288224AB.svg</URL>
    </control>
    <control controlID="DFE10442-E97C-48E0-8251-A0F229F3AB0A" controlTypeID="Icon" x="319" y="474" w="28" h="28" zOrder="10">
      <icon>
        <ID/>
        <iconFontName>jdIonicons</iconFontName>
        <iconCode>62188</iconCode>
      </icon>
      <URL>6F1E26DA3F4DA7A720AD334E97A085AC.svg</URL>
    </control>
    <control controlID="41071861-D59D-444F-924A-2A1AD89C52FD" controlTypeID="Shape" x="23" y="529" w="153" h="44" zOrder="11">
      <color>4288256409</color>
      <borderColor>4288256409</borderColor>
      <interactiveData>
        <entry title="">
          <area shape="0" alt="" ID="{57B50AA3-1D8E-49B0-989A-CBD3C0DF883F}" coords="(0,0,153,44)"/>
          <events title="">
            <event eventType="atClick" isChecked="True">
              <behaviour title="" isChecked="True" isWait="False" isLoop="False" execMode="emParallel">
                <target targetID="C3450B93-E47D-4830-BDCF-FD87547DFA98" isChecked="True" isAutoRecovery="False" isLoop="False" execMode="emSequence">
                  <command name="Change Visibility" isChecked="True" descrition="">
                    <param name="AniInterpolation" value="1" varType="3" description=""/>
                    <param name="AniDuration" value="200" varType="3" description=""/>
                    <param name="AniAutoReverse" value="False" varType="11" description=""/>
                    <param name="AniLoop" value="False" varType="11" description=""/>
                    <param name="AniInterpolationTypeOut" value="False" varType="11" description=""/>
                    <param name="Delay" value="0" varType="3" description=""/>
                    <param name="ValueFromCurrent" value="True" varType="11" description=""/>
                    <param name="ForceFromInitValue" value="False" varType="11" description=""/>
                    <param name="ForceSetVisible" value="False" varType="11" description=""/>
                    <param name="Value" value="0" varType="3" description=""/>
                    <param name="TerminateLoopByClick" value="True" varType="11" description=""/>
                  </command>
                </target>
                <target targetID="ADC77CFC-5918-445F-BE0D-F87612188DD3" isChecked="True" isAutoRecovery="False" isLoop="False" execMode="emSequence">
                  <command name="Change Visibility" isChecked="True" descrition="">
                    <param name="AniInterpolation" value="1" varType="3" description=""/>
                    <param name="AniDuration" value="200" varType="3" description=""/>
                    <param name="AniAutoReverse" value="False" varType="11" description=""/>
                    <param name="AniLoop" value="False" varType="11" description=""/>
                    <param name="AniInterpolationTypeOut" value="False" varType="11" description=""/>
                    <param name="Delay" value="0" varType="3" description=""/>
                    <param name="ValueFromCurrent" value="True" varType="11" description=""/>
                    <param name="ForceFromInitValue" value="False" varType="11" description=""/>
                    <param name="ForceSetVisible" value="False" varType="11" description=""/>
                    <param name="Value" value="0" varType="3" description=""/>
                    <param name="TerminateLoopByClick" value="True" varType="11" description=""/>
                  </command>
                </target>
              </behaviour>
            </event>
          </events>
        </entry>
      </interactiveData>
      <font family="Segoe+UI" displayName="Segoe+UI" postScript="" weightStyle="%D0%9E%D0%B1%D1%8B%D1%87%D0%BD%D1%8B%D0%B9" weight="400" isBold="False" isItalic="False"/>
      <text>%D0%94%D0%BE%D0%B4%D0%B0%D1%82%D0%B8+%D0%BA%D0%B0%D1%80%D1%82%D0%BA%D1%83+</text>
      <textColor>4281545523</textColor>
      <textSize>14</textSize>
      <selectedIndex>-1</selectedIndex>
    </control>
    <control controlID="E4819C6D-8B38-49C8-B59F-E2778BFAF48C" controlTypeID="Shape" x="89" y="583" w="153" h="44" zOrder="12">
      <color>4288256409</color>
      <borderColor>4288256409</borderColor>
      <links eventType="AtClick" animate="AmNone" animateAutoDelay="0" animateDuration="500">
        <link targetPageID="6F594E19-7B3F-4751-BD7A-7C8AF3F8B711" linkType="ltPageLink" isApplyIncludePage="False" title="%D0%A0%D0%B5%D0%B4%D0%B0%D0%B3%D1%83%D0%B2%D0%B0%D0%BD%D0%BD%D1%8F+%D1%81%D0%B8%D1%81%D1%82%D0%B5%D0%BC%D0%B8">
          <area shape="0" alt="" ID="{324626F8-10E3-4B9C-B9AC-4B0D62815306}" coords="(0,0,153,44)"/>
        </link>
      </links>
      <font family="Segoe+UI" displayName="Segoe+UI" postScript="" weightStyle="%D0%9E%D0%B1%D1%8B%D1%87%D0%BD%D1%8B%D0%B9" weight="400" isBold="False" isItalic="False"/>
      <text>%D0%9D%D0%B0%D0%B7%D0%B0%D0%B4</text>
      <textColor>4281545523</textColor>
      <textSize>14</textSize>
      <selectedIndex>-1</selectedIndex>
    </control>
    <control controlID="FA70C12F-82EA-4C81-8CD6-0CA446155D09" controlTypeID="Shape" x="186" y="529" w="153" h="44" zOrder="13">
      <color>4288256409</color>
      <borderColor>4288256409</borderColor>
      <interactiveData>
        <entry title="">
          <area shape="0" alt="" ID="{771253BA-AC13-4C6B-9A64-2A20C22D0A02}" coords="(0,0,153,44)"/>
          <events title="">
            <event eventType="atClick" isChecked="True">
              <behaviour title="" isChecked="True" isWait="False" isLoop="False" execMode="emParallel">
                <target targetID="C3450B93-E47D-4830-BDCF-FD87547DFA98" isChecked="True" isAutoRecovery="False" isLoop="False" execMode="emSequence">
                  <command name="Change Visibility" isChecked="True" descrition="">
                    <param name="AniInterpolation" value="1" varType="3" description=""/>
                    <param name="AniDuration" value="200" varType="3" description=""/>
                    <param name="AniAutoReverse" value="False" varType="11" description=""/>
                    <param name="AniLoop" value="False" varType="11" description=""/>
                    <param name="AniInterpolationTypeOut" value="False" varType="11" description=""/>
                    <param name="Delay" value="0" varType="3" description=""/>
                    <param name="ValueFromCurrent" value="True" varType="11" description=""/>
                    <param name="ForceFromInitValue" value="False" varType="11" description=""/>
                    <param name="ForceSetVisible" value="False" varType="11" description=""/>
                    <param name="Value" value="1" varType="3" description=""/>
                    <param name="TerminateLoopByClick" value="True" varType="11" description=""/>
                  </command>
                </target>
                <target targetID="ADC77CFC-5918-445F-BE0D-F87612188DD3" isChecked="True" isAutoRecovery="False" isLoop="False" execMode="emSequence">
                  <command name="Change Visibility" isChecked="True" descrition="">
                    <param name="AniInterpolation" value="1" varType="3" description=""/>
                    <param name="AniDuration" value="200" varType="3" description=""/>
                    <param name="AniAutoReverse" value="False" varType="11" description=""/>
                    <param name="AniLoop" value="False" varType="11" description=""/>
                    <param name="AniInterpolationTypeOut" value="False" varType="11" description=""/>
                    <param name="Delay" value="0" varType="3" description=""/>
                    <param name="ValueFromCurrent" value="True" varType="11" description=""/>
                    <param name="ForceFromInitValue" value="False" varType="11" description=""/>
                    <param name="ForceSetVisible" value="False" varType="11" description=""/>
                    <param name="Value" value="1" varType="3" description=""/>
                    <param name="TerminateLoopByClick" value="True" varType="11" description=""/>
                  </command>
                </target>
                <target targetID="C37A6B5C-5566-4F94-BC71-308289964F1B" isChecked="True" isAutoRecovery="False" isLoop="False" execMode="emSequence">
                  <command name="Change Visibility" isChecked="True" descrition="">
                    <param name="AniInterpolation" value="1" varType="3" description=""/>
                    <param name="AniDuration" value="200" varType="3" description=""/>
                    <param name="AniAutoReverse" value="False" varType="11" description=""/>
                    <param name="AniLoop" value="False" varType="11" description=""/>
                    <param name="AniInterpolationTypeOut" value="False" varType="11" description=""/>
                    <param name="Delay" value="0" varType="3" description=""/>
                    <param name="ValueFromCurrent" value="True" varType="11" description=""/>
                    <param name="ForceFromInitValue" value="False" varType="11" description=""/>
                    <param name="ForceSetVisible" value="False" varType="11" description=""/>
                    <param name="Value" value="1" varType="3" description=""/>
                    <param name="TerminateLoopByClick" value="True" varType="11" description=""/>
                  </command>
                </target>
                <target targetID="88A14EC7-5FE2-4FDC-924D-55E246035BB9" isChecked="True" isAutoRecovery="False" isLoop="False" execMode="emSequence">
                  <command name="Change Visibility" isChecked="True" descrition="">
                    <param name="AniInterpolation" value="1" varType="3" description=""/>
                    <param name="AniDuration" value="200" varType="3" description=""/>
                    <param name="AniAutoReverse" value="False" varType="11" description=""/>
                    <param name="AniLoop" value="False" varType="11" description=""/>
                    <param name="AniInterpolationTypeOut" value="False" varType="11" description=""/>
                    <param name="Delay" value="0" varType="3" description=""/>
                    <param name="ValueFromCurrent" value="True" varType="11" description=""/>
                    <param name="ForceFromInitValue" value="False" varType="11" description=""/>
                    <param name="ForceSetVisible" value="False" varType="11" description=""/>
                    <param name="Value" value="0" varType="3" description=""/>
                    <param name="TerminateLoopByClick" value="True" varType="11" description=""/>
                  </command>
                </target>
                <target targetID="97BDCA55-5617-4791-97D6-F6F2EE5857EF" isChecked="True" isAutoRecovery="False" isLoop="False" execMode="emSequence">
                  <command name="Change Visibility" isChecked="True" descrition="">
                    <param name="AniInterpolation" value="1" varType="3" description=""/>
                    <param name="AniDuration" value="200" varType="3" description=""/>
                    <param name="AniAutoReverse" value="False" varType="11" description=""/>
                    <param name="AniLoop" value="False" varType="11" description=""/>
                    <param name="AniInterpolationTypeOut" value="False" varType="11" description=""/>
                    <param name="Delay" value="0" varType="3" description=""/>
                    <param name="ValueFromCurrent" value="True" varType="11" description=""/>
                    <param name="ForceFromInitValue" value="False" varType="11" description=""/>
                    <param name="ForceSetVisible" value="False" varType="11" description=""/>
                    <param name="Value" value="0" varType="3" description=""/>
                    <param name="TerminateLoopByClick" value="True" varType="11" description=""/>
                  </command>
                </target>
                <target targetID="F7BCF616-EF5F-493F-90A4-00FBCAE90B2B" isChecked="True" isAutoRecovery="False" isLoop="False" execMode="emSequence">
                  <command name="Change Visibility" isChecked="True" descrition="">
                    <param name="AniInterpolation" value="1" varType="3" description=""/>
                    <param name="AniDuration" value="200" varType="3" description=""/>
                    <param name="AniAutoReverse" value="False" varType="11" description=""/>
                    <param name="AniLoop" value="False" varType="11" description=""/>
                    <param name="AniInterpolationTypeOut" value="False" varType="11" description=""/>
                    <param name="Delay" value="0" varType="3" description=""/>
                    <param name="ValueFromCurrent" value="True" varType="11" description=""/>
                    <param name="ForceFromInitValue" value="False" varType="11" description=""/>
                    <param name="ForceSetVisible" value="False" varType="11" description=""/>
                    <param name="Value" value="0" varType="3" description=""/>
                    <param name="TerminateLoopByClick" value="True" varType="11" description=""/>
                  </command>
                </target>
              </behaviour>
            </event>
          </events>
        </entry>
      </interactiveData>
      <font family="Segoe+UI" displayName="Segoe+UI" postScript="" weightStyle="%D0%9E%D0%B1%D1%8B%D1%87%D0%BD%D1%8B%D0%B9" weight="400" isBold="False" isItalic="False"/>
      <text>%D0%92%D0%B8%D0%B4%D0%B0%D0%BB%D0%B8%D1%82%D0%B8+%D0%BA%D0%B0%D1%80%D1%82%D0%BA%D1%83</text>
      <textColor>4281545523</textColor>
      <textSize>14</textSize>
      <selectedIndex>-1</selectedIndex>
    </control>
    <control controlID="C3450B93-E47D-4830-BDCF-FD87547DFA98" controlTypeID="TextField" x="69" y="463" w="162" h="39" zOrder="14">
      <isShow>False</isShow>
      <interactiveData>
        <entry title="">
          <area shape="0" alt="" ID="{62B4A030-A925-4665-949F-BECECB4822B6}" coords="(0,0,60,60)"/>
          <events title="">
            <event eventType="atClick" isChecked="True">
              <behaviour title="" isChecked="True" isWait="False" isLoop="False" execMode="emParallel">
                <target targetID="C37A6B5C-5566-4F94-BC71-308289964F1B" isChecked="True" isAutoRecovery="False" isLoop="False" execMode="emSequence">
                  <command name="Change Visibility" isChecked="True" descrition="">
                    <param name="AniInterpolation" value="1" varType="3" description=""/>
                    <param name="AniDuration" value="200" varType="3" description=""/>
                    <param name="AniAutoReverse" value="False" varType="11" description=""/>
                    <param name="AniLoop" value="False" varType="11" description=""/>
                    <param name="AniInterpolationTypeOut" value="False" varType="11" description=""/>
                    <param name="Delay" value="0" varType="3" description=""/>
                    <param name="ValueFromCurrent" value="True" varType="11" description=""/>
                    <param name="ForceFromInitValue" value="False" varType="11" description=""/>
                    <param name="ForceSetVisible" value="False" varType="11" description=""/>
                    <param name="Value" value="0" varType="3" description=""/>
                    <param name="TerminateLoopByClick" value="True" varType="11" description=""/>
                  </command>
                </target>
                <target targetID="ADC77CFC-5918-445F-BE0D-F87612188DD3" isChecked="True" isAutoRecovery="False" isLoop="False" execMode="emSequence">
                  <command name="Move" isChecked="True" descrition="">
                    <param name="AniInterpolation" value="1" varType="3" description=""/>
                    <param name="AniDuration" value="200" varType="3" description=""/>
                    <param name="AniAutoReverse" value="False" varType="11" description=""/>
                    <param name="AniLoop" value="False" varType="11" description=""/>
                    <param name="AniInterpolationTypeOut" value="False" varType="11" description=""/>
                    <param name="Delay" value="0" varType="3" description=""/>
                    <param name="MoveMode" value="1" varType="3" description=""/>
                    <param name="ValueFromCurrent" value="True" varType="11" description=""/>
                    <param name="FromX" value="0" varType="3" description=""/>
                    <param name="FromY" value="0" varType="3" description=""/>
                    <param name="ToX" value="195" varType="256" description=""/>
                    <param name="ToY" value="335" varType="256" description=""/>
                    <param name="ByX" value="200" varType="3" description=""/>
                    <param name="ByY" value="0" varType="3" description=""/>
                    <param name="TerminateLoopByClick" value="True" varType="11" description=""/>
                    <param name="MovePlaceVert" value="3" varType="3" description=""/>
                    <param name="MovePlaceHori" value="1" varType="3" description=""/>
                  </command>
                </target>
              </behaviour>
            </event>
          </events>
        </entry>
      </interactiveData>
      <font family="Segoe+UI" displayName="Segoe+UI" postScript="" weightStyle="%D0%9E%D0%B1%D1%8B%D1%87%D0%BD%D1%8B%D0%B9" weight="400" isBold="False" isItalic="False"/>
      <textSize>14</textSize>
      <lineSpacing>0</lineSpacing>
      <selectedIndex>-1</selectedIndex>
      <showIcon>False</showIcon>
      <placeHolder>%D0%9F%D0%BE%D0%B2%D1%96%D0%B4%D0%BE%D0%BC%D0%BB%D0%B5%D0%BD%D0%BD%D1%8F</placeHolder>
    </control>
    <control controlID="ADC77CFC-5918-445F-BE0D-F87612188DD3" controlTypeID="Button" x="192" y="390" w="147" h="48" zOrder="15">
      <isShow>False</isShow>
      <color>4284900966</color>
      <borderColor>4294967295</borderColor>
      <borderVisible>False</borderVisible>
      <font family="Segoe+UI" displayName="Segoe+UI" postScript="" weightStyle="%D0%9E%D0%B1%D1%8B%D1%87%D0%BD%D1%8B%D0%B9" weight="400" isBold="False" isItalic="False" useDefaultFontFamily="False"/>
      <text>%D0%92%D0%B2%D0%B5%D0%B4%D1%96%D1%82%D1%8C+%D0%BD%D0%BE%D0%BC%D0%B5%D1%80+%D0%B2%D0%B0%D1%88%D0%BE%D1%97+%D0%BA%D0%B0%D1%80%D1%82%D0%BA%D0%B8</text>
      <textColor>4294967295</textColor>
      <lineSpacing>0</lineSpacing>
      <useDefaultTextSize>False</useDefaultTextSize>
      <selectedIndex>-1</selectedIndex>
      <radius>10</radius>
    </control>
    <control controlID="C37A6B5C-5566-4F94-BC71-308289964F1B" controlTypeID="Button" x="192" y="390" w="147" h="48" zOrder="16">
      <isShow>False</isShow>
      <color>4284900966</color>
      <borderColor>4294967295</borderColor>
      <borderVisible>False</borderVisible>
      <font family="Segoe+UI" displayName="Segoe+UI" postScript="" weightStyle="%D0%9E%D0%B1%D1%8B%D1%87%D0%BD%D1%8B%D0%B9" weight="400" isBold="False" isItalic="False" useDefaultFontFamily="False"/>
      <text>%D0%9A%D0%B0%D1%80%D1%82%D0%BA%D0%B0+%D0%B4%D0%BE%D0%B4%D0%B0%D0%BD%D0%B0</text>
      <textColor>4294967295</textColor>
      <lineSpacing>0</lineSpacing>
      <useDefaultTextSize>False</useDefaultTextSize>
      <selectedIndex>-1</selectedIndex>
      <radius>10</radius>
    </control>
    <control controlID="F7BCF616-EF5F-493F-90A4-00FBCAE90B2B" controlTypeID="Button" x="10" y="252" w="147" h="48" zOrder="17">
      <isShow>False</isShow>
      <color>4284900966</color>
      <borderColor>4294967295</borderColor>
      <borderVisible>False</borderVisible>
      <font family="Segoe+UI" displayName="Segoe+UI" postScript="" weightStyle="%D0%9E%D0%B1%D1%8B%D1%87%D0%BD%D1%8B%D0%B9" weight="400" isBold="False" isItalic="False" useDefaultFontFamily="False"/>
      <text>%D0%92%D0%B8%D0%B1%D0%B5%D1%80%D1%96%D1%82%D1%8C+%D0%BA%D0%B0%D1%80%D1%82%D0%BA%D1%83+%D0%B4%D0%BB%D1%8F+%D0%B2%D0%B8%D0%B4%D0%B0%D0%BB%D0%B5%D0%BD%D0%BD%D1%8F</text>
      <textColor>4294967295</textColor>
      <lineSpacing>0</lineSpacing>
      <useDefaultTextSize>False</useDefaultTextSize>
      <selectedIndex>-1</selectedIndex>
      <radius>10</radius>
    </control>
    <control controlID="D27DEB2B-7E60-4979-B2F0-E8558BC0BDBB" controlTypeID="Button" x="192" y="390" w="147" h="48" zOrder="18">
      <isShow>False</isShow>
      <caption>%D0%92%D0%B8%D0%B4%D0%B0%D0%BB%D0%B5%D0%BD%D0%BE</caption>
      <color>4284900966</color>
      <borderColor>4294967295</borderColor>
      <borderVisible>False</borderVisible>
      <font family="Segoe+UI" displayName="Segoe+UI" postScript="" weightStyle="%D0%9E%D0%B1%D1%8B%D1%87%D0%BD%D1%8B%D0%B9" weight="400" isBold="False" isItalic="False" useDefaultFontFamily="False"/>
      <text>%D0%9A%D0%B0%D1%80%D1%82%D0%BA%D1%83+%D0%B2%D0%B8%D0%B4%D0%B0%D0%BB%D0%B5%D0%BD%D0%BE</text>
      <textColor>4294967295</textColor>
      <lineSpacing>0</lineSpacing>
      <useDefaultTextSize>False</useDefaultTextSize>
      <selectedIndex>-1</selectedIndex>
      <radius>10</radius>
    </control>
    <control controlID="97BDCA55-5617-4791-97D6-F6F2EE5857EF" controlTypeID="ScrollView" x="0" y="315" w="360" h="148" zOrder="19">
      <isShow>False</isShow>
      <groupChildrenDescriptors>
        <control controlID="5807B68A-CC4E-402B-8C5A-B198B8DFCED6" controlTypeID="ScrollViewContentPanel" x="0" y="0" w="370" h="305" zOrder="0">
          <alias>contentPanel</alias>
          <groupChildrenDescriptors>
            <control controlID="88A14EC7-5FE2-4FDC-924D-55E246035BB9" controlTypeID="TableView" x="0" y="0" w="360" h="300" zOrder="0">
              <interactiveData>
                <entry title="%D0%9A%D0%B0%D1%80%D1%82%D0%BA%D0%B0+1">
                  <area shape="0" alt="" ID="{96C23F72-5440-43A0-9BBB-24E6867CF13B}" coords="(0,0,60,60)"/>
                  <events title="">
                    <event eventType="atClick" isChecked="True">
                      <behaviour title="" isChecked="True" isWait="False" isLoop="False" execMode="emParallel">
                        <target targetID="D27DEB2B-7E60-4979-B2F0-E8558BC0BDBB" isChecked="True" isAutoRecovery="False" isLoop="False" execMode="emSequence">
                          <command name="Change Visibility" isChecked="True" descrition="">
                            <param name="AniInterpolation" value="1" varType="3" description=""/>
                            <param name="AniDuration" value="200" varType="3" description=""/>
                            <param name="AniAutoReverse" value="False" varType="11" description=""/>
                            <param name="AniLoop" value="False" varType="11" description=""/>
                            <param name="AniInterpolationTypeOut" value="False" varType="11" description=""/>
                            <param name="Delay" value="0" varType="3" description=""/>
                            <param name="ValueFromCurrent" value="True" varType="11" description=""/>
                            <param name="ForceFromInitValue" value="False" varType="11" description=""/>
                            <param name="ForceSetVisible" value="False" varType="11" description=""/>
                            <param name="Value" value="0" varType="3" description=""/>
                            <param name="TerminateLoopByClick" value="True" varType="11" description=""/>
                          </command>
                        </target>
                        <target targetID="88A14EC7-5FE2-4FDC-924D-55E246035BB9" IsNeedReplaceAsSelfID="True" isChecked="True" isAutoRecovery="False" isLoop="False" execMode="emSequence">
                          <command name="Change Visibility" isChecked="True" descrition="">
                            <param name="AniInterpolation" value="1" varType="3" description=""/>
                            <param name="AniDuration" value="200" varType="3" description=""/>
                            <param name="AniAutoReverse" value="False" varType="11" description=""/>
                            <param name="AniLoop" value="False" varType="11" description=""/>
                            <param name="AniInterpolationTypeOut" value="False" varType="11" description=""/>
                            <param name="Delay" value="0" varType="3" description=""/>
                            <param name="ValueFromCurrent" value="True" varType="11" description=""/>
                            <param name="ForceFromInitValue" value="False" varType="11" description=""/>
                            <param name="ForceSetVisible" value="False" varType="11" description=""/>
                            <param name="Value" value="1" varType="3" description=""/>
                            <param name="TerminateLoopByClick" value="True" varType="11" description=""/>
                          </command>
                        </target>
                        <target targetID="97BDCA55-5617-4791-97D6-F6F2EE5857EF" isChecked="True" isAutoRecovery="False" isLoop="False" execMode="emSequence">
                          <command name="Change Visibility" isChecked="True" descrition="">
                            <param name="AniInterpolation" value="1" varType="3" description=""/>
                            <param name="AniDuration" value="200" varType="3" description=""/>
                            <param name="AniAutoReverse" value="False" varType="11" description=""/>
                            <param name="AniLoop" value="False" varType="11" description=""/>
                            <param name="AniInterpolationTypeOut" value="False" varType="11" description=""/>
                            <param name="Delay" value="0" varType="3" description=""/>
                            <param name="ValueFromCurrent" value="True" varType="11" description=""/>
                            <param name="ForceFromInitValue" value="False" varType="11" description=""/>
                            <param name="ForceSetVisible" value="False" varType="11" description=""/>
                            <param name="Value" value="1" varType="3" description=""/>
                            <param name="TerminateLoopByClick" value="True" varType="11" description=""/>
                          </command>
                        </target>
                      </behaviour>
                    </event>
                  </events>
                </entry>
                <entry title="%D0%9A%D0%B0%D1%80%D1%82%D0%BA%D0%B0+2">
                  <area shape="0" alt="" ID="{84FB8282-F8CD-4CFA-90E7-B743FAD03E1C}" coords="(0,0,60,328)"/>
                  <events title="">
                    <event eventType="atClick" isChecked="True">
                      <behaviour title="" isChecked="True" isWait="False" isLoop="False" execMode="emParallel">
                        <target targetID="D27DEB2B-7E60-4979-B2F0-E8558BC0BDBB" isChecked="True" isAutoRecovery="False" isLoop="False" execMode="emSequence">
                          <command name="Change Visibility" isChecked="True" descrition="">
                            <param name="AniInterpolation" value="1" varType="3" description=""/>
                            <param name="AniDuration" value="200" varType="3" description=""/>
                            <param name="AniAutoReverse" value="False" varType="11" description=""/>
                            <param name="AniLoop" value="False" varType="11" description=""/>
                            <param name="AniInterpolationTypeOut" value="False" varType="11" description=""/>
                            <param name="Delay" value="0" varType="3" description=""/>
                            <param name="ValueFromCurrent" value="True" varType="11" description=""/>
                            <param name="ForceFromInitValue" value="False" varType="11" description=""/>
                            <param name="ForceSetVisible" value="False" varType="11" description=""/>
                            <param name="Value" value="0" varType="3" description=""/>
                            <param name="TerminateLoopByClick" value="True" varType="11" description=""/>
                          </command>
                        </target>
                        <target targetID="97BDCA55-5617-4791-97D6-F6F2EE5857EF" isChecked="True" isAutoRecovery="False" isLoop="False" execMode="emSequence">
                          <command name="Change Visibility" isChecked="True" descrition="">
                            <param name="AniInterpolation" value="1" varType="3" description=""/>
                            <param name="AniDuration" value="200" varType="3" description=""/>
                            <param name="AniAutoReverse" value="False" varType="11" description=""/>
                            <param name="AniLoop" value="False" varType="11" description=""/>
                            <param name="AniInterpolationTypeOut" value="False" varType="11" description=""/>
                            <param name="Delay" value="0" varType="3" description=""/>
                            <param name="ValueFromCurrent" value="True" varType="11" description=""/>
                            <param name="ForceFromInitValue" value="False" varType="11" description=""/>
                            <param name="ForceSetVisible" value="False" varType="11" description=""/>
                            <param name="Value" value="1" varType="3" description=""/>
                            <param name="TerminateLoopByClick" value="True" varType="11" description=""/>
                          </command>
                        </target>
                        <target targetID="88A14EC7-5FE2-4FDC-924D-55E246035BB9" IsNeedReplaceAsSelfID="True" isChecked="True" isAutoRecovery="False" isLoop="False" execMode="emSequence">
                          <command name="Change Visibility" isChecked="True" descrition="">
                            <param name="AniInterpolation" value="1" varType="3" description=""/>
                            <param name="AniDuration" value="200" varType="3" description=""/>
                            <param name="AniAutoReverse" value="False" varType="11" description=""/>
                            <param name="AniLoop" value="False" varType="11" description=""/>
                            <param name="AniInterpolationTypeOut" value="False" varType="11" description=""/>
                            <param name="Delay" value="0" varType="3" description=""/>
                            <param name="ValueFromCurrent" value="True" varType="11" description=""/>
                            <param name="ForceFromInitValue" value="False" varType="11" description=""/>
                            <param name="ForceSetVisible" value="False" varType="11" description=""/>
                            <param name="Value" value="1" varType="3" description=""/>
                            <param name="TerminateLoopByClick" value="True" varType="11" description=""/>
                          </command>
                        </target>
                      </behaviour>
                    </event>
                  </events>
                </entry>
                <entry title="%D0%9A%D0%B0%D1%80%D1%82%D0%BA%D0%B0+3">
                  <area shape="0" alt="" ID="{4FB92CA0-7651-4AB6-A540-1F79C018F401}" coords="(0,0,60,328)"/>
                  <events title="">
                    <event eventType="atClick" isChecked="True">
                      <behaviour title="" isChecked="True" isWait="False" isLoop="False" execMode="emParallel">
                        <target targetID="97BDCA55-5617-4791-97D6-F6F2EE5857EF" isChecked="True" isAutoRecovery="False" isLoop="False" execMode="emSequence">
                          <command name="Change Visibility" isChecked="True" descrition="">
                            <param name="AniInterpolation" value="1" varType="3" description=""/>
                            <param name="AniDuration" value="200" varType="3" description=""/>
                            <param name="AniAutoReverse" value="False" varType="11" description=""/>
                            <param name="AniLoop" value="False" varType="11" description=""/>
                            <param name="AniInterpolationTypeOut" value="False" varType="11" description=""/>
                            <param name="Delay" value="0" varType="3" description=""/>
                            <param name="ValueFromCurrent" value="True" varType="11" description=""/>
                            <param name="ForceFromInitValue" value="False" varType="11" description=""/>
                            <param name="ForceSetVisible" value="False" varType="11" description=""/>
                            <param name="Value" value="1" varType="3" description=""/>
                            <param name="TerminateLoopByClick" value="True" varType="11" description=""/>
                          </command>
                        </target>
                        <target targetID="88A14EC7-5FE2-4FDC-924D-55E246035BB9" IsNeedReplaceAsSelfID="True" isChecked="True" isAutoRecovery="False" isLoop="False" execMode="emSequence">
                          <command name="Change Visibility" isChecked="True" descrition="">
                            <param name="AniInterpolation" value="1" varType="3" description=""/>
                            <param name="AniDuration" value="200" varType="3" description=""/>
                            <param name="AniAutoReverse" value="False" varType="11" description=""/>
                            <param name="AniLoop" value="False" varType="11" description=""/>
                            <param name="AniInterpolationTypeOut" value="False" varType="11" description=""/>
                            <param name="Delay" value="0" varType="3" description=""/>
                            <param name="ValueFromCurrent" value="True" varType="11" description=""/>
                            <param name="ForceFromInitValue" value="False" varType="11" description=""/>
                            <param name="ForceSetVisible" value="False" varType="11" description=""/>
                            <param name="Value" value="1" varType="3" description=""/>
                            <param name="TerminateLoopByClick" value="True" varType="11" description=""/>
                          </command>
                        </target>
                        <target targetID="D27DEB2B-7E60-4979-B2F0-E8558BC0BDBB" isChecked="True" isAutoRecovery="False" isLoop="False" execMode="emSequence">
                          <command name="Change Visibility" isChecked="True" descrition="">
                            <param name="AniInterpolation" value="1" varType="3" description=""/>
                            <param name="AniDuration" value="200" varType="3" description=""/>
                            <param name="AniAutoReverse" value="False" varType="11" description=""/>
                            <param name="AniLoop" value="False" varType="11" description=""/>
                            <param name="AniInterpolationTypeOut" value="False" varType="11" description=""/>
                            <param name="Delay" value="0" varType="3" description=""/>
                            <param name="ValueFromCurrent" value="True" varType="11" description=""/>
                            <param name="ForceFromInitValue" value="False" varType="11" description=""/>
                            <param name="ForceSetVisible" value="False" varType="11" description=""/>
                            <param name="Value" value="0" varType="3" description=""/>
                            <param name="TerminateLoopByClick" value="True" varType="11" description=""/>
                          </command>
                        </target>
                      </behaviour>
                    </event>
                  </events>
                </entry>
                <entry title="%D0%9A%D0%B0%D1%80%D1%82%D0%BA%D0%B0+4">
                  <area shape="0" alt="" ID="{7C090366-BAE5-41D7-A143-BAD654B54B2E}" coords="(0,0,60,328)"/>
                  <events title="">
                    <event eventType="atClick" isChecked="True">
                      <behaviour title="" isChecked="True" isWait="False" isLoop="False" execMode="emParallel">
                        <target targetID="88A14EC7-5FE2-4FDC-924D-55E246035BB9" IsNeedReplaceAsSelfID="True" isChecked="True" isAutoRecovery="False" isLoop="False" execMode="emSequence">
                          <command name="Change Visibility" isChecked="True" descrition="">
                            <param name="AniInterpolation" value="1" varType="3" description=""/>
                            <param name="AniDuration" value="200" varType="3" description=""/>
                            <param name="AniAutoReverse" value="False" varType="11" description=""/>
                            <param name="AniLoop" value="False" varType="11" description=""/>
                            <param name="AniInterpolationTypeOut" value="False" varType="11" description=""/>
                            <param name="Delay" value="0" varType="3" description=""/>
                            <param name="ValueFromCurrent" value="True" varType="11" description=""/>
                            <param name="ForceFromInitValue" value="False" varType="11" description=""/>
                            <param name="ForceSetVisible" value="False" varType="11" description=""/>
                            <param name="Value" value="1" varType="3" description=""/>
                            <param name="TerminateLoopByClick" value="True" varType="11" description=""/>
                          </command>
                        </target>
                        <target targetID="97BDCA55-5617-4791-97D6-F6F2EE5857EF" isChecked="True" isAutoRecovery="False" isLoop="False" execMode="emSequence">
                          <command name="Change Visibility" isChecked="True" descrition="">
                            <param name="AniInterpolation" value="1" varType="3" description=""/>
                            <param name="AniDuration" value="200" varType="3" description=""/>
                            <param name="AniAutoReverse" value="False" varType="11" description=""/>
                            <param name="AniLoop" value="False" varType="11" description=""/>
                            <param name="AniInterpolationTypeOut" value="False" varType="11" description=""/>
                            <param name="Delay" value="0" varType="3" description=""/>
                            <param name="ValueFromCurrent" value="True" varType="11" description=""/>
                            <param name="ForceFromInitValue" value="False" varType="11" description=""/>
                            <param name="ForceSetVisible" value="False" varType="11" description=""/>
                            <param name="Value" value="1" varType="3" description=""/>
                            <param name="TerminateLoopByClick" value="True" varType="11" description=""/>
                          </command>
                        </target>
                        <target targetID="D27DEB2B-7E60-4979-B2F0-E8558BC0BDBB" isChecked="True" isAutoRecovery="False" isLoop="False" execMode="emSequence">
                          <command name="Change Visibility" isChecked="True" descrition="">
                            <param name="AniInterpolation" value="1" varType="3" description=""/>
                            <param name="AniDuration" value="200" varType="3" description=""/>
                            <param name="AniAutoReverse" value="False" varType="11" description=""/>
                            <param name="AniLoop" value="False" varType="11" description=""/>
                            <param name="AniInterpolationTypeOut" value="False" varType="11" description=""/>
                            <param name="Delay" value="0" varType="3" description=""/>
                            <param name="ValueFromCurrent" value="True" varType="11" description=""/>
                            <param name="ForceFromInitValue" value="False" varType="11" description=""/>
                            <param name="ForceSetVisible" value="False" varType="11" description=""/>
                            <param name="Value" value="0" varType="3" description=""/>
                            <param name="TerminateLoopByClick" value="True" varType="11" description=""/>
                          </command>
                        </target>
                      </behaviour>
                    </event>
                  </events>
                </entry>
                <entry title="%D0%9A%D0%B0%D1%80%D1%82%D0%BA%D0%B0+5">
                  <area shape="0" alt="" ID="{5D671518-6156-47CD-BFE6-41A0BEA2C389}" coords="(0,0,60,328)"/>
                  <events title="">
                    <event eventType="atClick" isChecked="True">
                      <behaviour title="" isChecked="True" isWait="False" isLoop="False" execMode="emParallel">
                        <target targetID="D27DEB2B-7E60-4979-B2F0-E8558BC0BDBB" isChecked="True" isAutoRecovery="False" isLoop="False" execMode="emSequence">
                          <command name="Change Visibility" isChecked="True" descrition="">
                            <param name="AniInterpolation" value="1" varType="3" description=""/>
                            <param name="AniDuration" value="200" varType="3" description=""/>
                            <param name="AniAutoReverse" value="False" varType="11" description=""/>
                            <param name="AniLoop" value="False" varType="11" description=""/>
                            <param name="AniInterpolationTypeOut" value="False" varType="11" description=""/>
                            <param name="Delay" value="0" varType="3" description=""/>
                            <param name="ValueFromCurrent" value="True" varType="11" description=""/>
                            <param name="ForceFromInitValue" value="False" varType="11" description=""/>
                            <param name="ForceSetVisible" value="False" varType="11" description=""/>
                            <param name="Value" value="0" varType="3" description=""/>
                            <param name="TerminateLoopByClick" value="True" varType="11" description=""/>
                          </command>
                        </target>
                        <target targetID="97BDCA55-5617-4791-97D6-F6F2EE5857EF" isChecked="True" isAutoRecovery="False" isLoop="False" execMode="emSequence">
                          <command name="Change Visibility" isChecked="True" descrition="">
                            <param name="AniInterpolation" value="1" varType="3" description=""/>
                            <param name="AniDuration" value="200" varType="3" description=""/>
                            <param name="AniAutoReverse" value="False" varType="11" description=""/>
                            <param name="AniLoop" value="False" varType="11" description=""/>
                            <param name="AniInterpolationTypeOut" value="False" varType="11" description=""/>
                            <param name="Delay" value="0" varType="3" description=""/>
                            <param name="ValueFromCurrent" value="True" varType="11" description=""/>
                            <param name="ForceFromInitValue" value="False" varType="11" description=""/>
                            <param name="ForceSetVisible" value="False" varType="11" description=""/>
                            <param name="Value" value="1" varType="3" description=""/>
                            <param name="TerminateLoopByClick" value="True" varType="11" description=""/>
                          </command>
                        </target>
                        <target targetID="88A14EC7-5FE2-4FDC-924D-55E246035BB9" IsNeedReplaceAsSelfID="True" isChecked="True" isAutoRecovery="False" isLoop="False" execMode="emSequence">
                          <command name="Change Visibility" isChecked="True" descrition="">
                            <param name="AniInterpolation" value="1" varType="3" description=""/>
                            <param name="AniDuration" value="200" varType="3" description=""/>
                            <param name="AniAutoReverse" value="False" varType="11" description=""/>
                            <param name="AniLoop" value="False" varType="11" description=""/>
                            <param name="AniInterpolationTypeOut" value="False" varType="11" description=""/>
                            <param name="Delay" value="0" varType="3" description=""/>
                            <param name="ValueFromCurrent" value="True" varType="11" description=""/>
                            <param name="ForceFromInitValue" value="False" varType="11" description=""/>
                            <param name="ForceSetVisible" value="False" varType="11" description=""/>
                            <param name="Value" value="1" varType="3" description=""/>
                            <param name="TerminateLoopByClick" value="True" varType="11" description=""/>
                          </command>
                        </target>
                      </behaviour>
                    </event>
                  </events>
                </entry>
              </interactiveData>
              <font family="Segoe+UI" displayName="Segoe+UI" postScript="" weightStyle="%D0%9E%D0%B1%D1%8B%D1%87%D0%BD%D1%8B%D0%B9" weight="400" isBold="False" isItalic="False"/>
              <text>%D0%9A%D0%B0%D1%80%D1%82%D0%BA%D0%B0+1%0D%0A%D0%9A%D0%B0%D1%80%D1%82%D0%BA%D0%B0+2%0D%0A%D0%9A%D0%B0%D1%80%D1%82%D0%BA%D0%B0+3%0D%0A%D0%9A%D0%B0%D1%80%D1%82%D0%BA%D0%B0+4%0D%0A%D0%9A%D0%B0%D1%80%D1%82%D0%BA%D0%B0+5</text>
              <textSize>14</textSize>
              <lineSpacing>0</lineSpacing>
            </control>
          </groupChildrenDescriptors>
        </control>
        <control controlID="EE973D6F-2BA8-4E33-8AE9-20D03B91968E" controlTypeID="Border" x="0" y="0" w="360" h="148" zOrder="1">
          <color>4284900966</color>
          <borderColor>4278190080</borderColor>
          <alias>borderLayer</alias>
        </control>
      </groupChildrenDescriptors>
    </control>
  </controls>
  <param>
    <backgroundColor>4279183437</backgroundColor>
    <fontSize>14</fontSize>
    <fontFamily>Segoe+UI</fontFamily>
    <guideLines/>
  </param>
</mockup>