﻿<mockup version="5.3" minAllowVersion="5.3" ID="41F94E42-71A5-4AD2-BD32-E678821763AF" platform="MtMobile" defaultW="360" defaultH="640" measureW="360" measureH="640" screenOrientation="MoPortrait" mobileScreenScale="1.77777779102325" clipArea="(0,0,0,0)">
  <controls controlCount="16">
    <control controlID="9F097DE5-1DC1-4815-8C64-5B1233A3BE4B" controlTypeID="Shape" x="0" y="-2" w="360" h="74" zOrder="0">
      <color>4278203136</color>
      <font family="Segoe+UI" displayName="Segoe+UI" postScript="" weightStyle="%D0%9E%D0%B1%D1%8B%D1%87%D0%BD%D1%8B%D0%B9" weight="400" isBold="False" isItalic="False" useDefaultFontFamily="False"/>
      <textSize>14</textSize>
      <selectedIndex>-1</selectedIndex>
      <radius>8</radius>
    </control>
    <control controlID="3000A270-1667-4021-B965-8CC35ECFD7BC" controlTypeID="Icon" x="83" y="9" w="53" h="53" zOrder="1">
      <color>4294967295</color>
      <icon>
        <ID/>
        <iconFontName>jdiconfontA</iconFontName>
        <iconCode>59799</iconCode>
      </icon>
      <URL>E8F04F9040932570AC634F8D59D2388B.svg</URL>
    </control>
    <control controlID="EB030C9D-F74C-4B19-82A1-E284AB4A494C" controlTypeID="Icon" x="20" y="27" w="21" h="21" zOrder="2">
      <color>4294967295</color>
      <icon>
        <ID/>
        <iconFontName>jdIonicons</iconFontName>
        <iconCode>62154</iconCode>
      </icon>
      <URL>D95E480717200F895E41DB6E5B869596.svg</URL>
    </control>
    <control controlID="8AC60D02-7E80-4C2B-ACCB-196BF83481F6" controlTypeID="Label" x="146" y="9" w="77" h="27" zOrder="3">
      <color>16777215</color>
      <font family="Segoe+UI" displayName="Segoe+UI" postScript="" weightStyle="%D0%9E%D0%B1%D1%8B%D1%87%D0%BD%D1%8B%D0%B9" weight="400" isBold="False" isItalic="False"/>
      <text>WalletTB</text>
      <textColor>4294967295</textColor>
      <textSize>20</textSize>
      <lineSpacing>0</lineSpacing>
      <useDefaultTextSize>False</useDefaultTextSize>
      <selectedIndex>-1</selectedIndex>
    </control>
    <control controlID="58946BA2-42B0-4611-BF40-44403A88E7E1" controlTypeID="Label" x="146" y="36" w="20" h="18" zOrder="4">
      <font family="Segoe+UI" displayName="Segoe+UI" postScript="" weightStyle="%D0%9E%D0%B1%D1%8B%D1%87%D0%BD%D1%8B%D0%B9" weight="400" isBold="False" isItalic="False"/>
      <text>bot</text>
      <textColor>4294967295</textColor>
      <textSize>13</textSize>
      <lineSpacing>0</lineSpacing>
      <useDefaultTextSize>False</useDefaultTextSize>
      <selectedIndex>-1</selectedIndex>
    </control>
    <control controlID="6F135681-3C4A-4CAA-AB36-835E87A1EB9C" controlTypeID="Shape" x="0" y="519" w="360" h="124" zOrder="5">
      <color>4290888129</color>
      <borderColor>4288256409</borderColor>
      <font family="Segoe+UI" displayName="Segoe+UI" postScript="" weightStyle="%D0%9E%D0%B1%D1%8B%D1%87%D0%BD%D1%8B%D0%B9" weight="400" isBold="False" isItalic="False" useDefaultFontFamily="False"/>
      <textColor>4294967295</textColor>
      <selectedIndex>-1</selectedIndex>
      <dashMode>SdDash</dashMode>
      <borderMode>[bmRight,bmBottom]</borderMode>
      <radius>8</radius>
    </control>
    <control controlID="4E3B2699-D5FB-4E79-BECC-1408F9B4CA0A" controlTypeID="Shape" x="0" y="456" w="360" h="63" zOrder="6">
      <font family="Segoe+UI" displayName="Segoe+UI" postScript="" weightStyle="%D0%9E%D0%B1%D1%8B%D1%87%D0%BD%D1%8B%D0%B9" weight="400" isBold="False" isItalic="False"/>
      <textSize>14</textSize>
      <selectedIndex>-1</selectedIndex>
    </control>
    <control controlID="06773843-1FD9-472F-9D0A-B7C0432E3641" controlTypeID="Icon" x="20" y="472" w="32" h="32" zOrder="7">
      <icon>
        <ID/>
        <iconFontName>jdIcoFont</iconFontName>
        <iconCode>59270</iconCode>
      </icon>
      <URL>ED3EBA099F8499F3DD0DEA6F8C141DA7.svg</URL>
    </control>
    <control controlID="21BEC5E1-9A32-4F77-8C75-446F060733D8" controlTypeID="Label" x="69" y="476" w="97" h="24" zOrder="8">
      <font family="Segoe+UI" displayName="Segoe+UI" postScript="" weightStyle="%D0%9E%D0%B1%D1%8B%D1%87%D0%BD%D1%8B%D0%B9" weight="400" isBold="False" isItalic="False"/>
      <text>%D0%A1%D0%BE%D0%BE%D0%B1%D1%89%D0%B5%D0%BD%D0%B8%D0%B5</text>
      <textColor>4288256409</textColor>
      <textSize>18</textSize>
      <lineSpacing>0</lineSpacing>
      <useDefaultTextSize>False</useDefaultTextSize>
      <selectedIndex>-1</selectedIndex>
    </control>
    <control controlID="E7CF12C1-0D91-4B21-9091-8AE46EC2CECD" controlTypeID="Icon" x="279" y="473" w="30" h="30" zOrder="9">
      <icon>
        <ID/>
        <iconFontName>jdIonicons</iconFontName>
        <iconCode>62311</iconCode>
      </icon>
      <URL>112EE2F1122E853B6A7454D88207E9C6.svg</URL>
    </control>
    <control controlID="CE15A292-272C-40E2-A1E6-B5CB699A9433" controlTypeID="Icon" x="241" y="474" w="28" h="28" zOrder="10">
      <icon>
        <ID/>
        <iconFontName>jdIcoMoonFree</iconFontName>
        <iconCode>59740</iconCode>
      </icon>
      <URL>F0BDAC64E7EBA2A3D254960B288224AB.svg</URL>
    </control>
    <control controlID="DFE10442-E97C-48E0-8251-A0F229F3AB0A" controlTypeID="Icon" x="319" y="474" w="28" h="28" zOrder="11">
      <icon>
        <ID/>
        <iconFontName>jdIonicons</iconFontName>
        <iconCode>62188</iconCode>
      </icon>
      <URL>6F1E26DA3F4DA7A720AD334E97A085AC.svg</URL>
    </control>
    <control controlID="46EB172E-B867-401D-861C-70F7A1ED7A93" controlTypeID="Shape" x="23" y="529" w="153" h="44" zOrder="12">
      <color>4288256409</color>
      <borderColor>4288256409</borderColor>
      <font family="Segoe+UI" displayName="Segoe+UI" postScript="" weightStyle="%D0%9E%D0%B1%D1%8B%D1%87%D0%BD%D1%8B%D0%B9" weight="400" isBold="False" isItalic="False"/>
      <textColor>4281545523</textColor>
      <textSize>14</textSize>
      <selectedIndex>-1</selectedIndex>
    </control>
    <control controlID="41071861-D59D-444F-924A-2A1AD89C52FD" controlTypeID="Shape" x="23" y="583" w="153" h="44" zOrder="13">
      <color>4288256409</color>
      <borderColor>4288256409</borderColor>
      <font family="Segoe+UI" displayName="Segoe+UI" postScript="" weightStyle="%D0%9E%D0%B1%D1%8B%D1%87%D0%BD%D1%8B%D0%B9" weight="400" isBold="False" isItalic="False"/>
      <textColor>4281545523</textColor>
      <textSize>14</textSize>
      <selectedIndex>-1</selectedIndex>
    </control>
    <control controlID="E4819C6D-8B38-49C8-B59F-E2778BFAF48C" controlTypeID="Shape" x="186" y="583" w="153" h="44" zOrder="14">
      <color>4288256409</color>
      <borderColor>4288256409</borderColor>
      <font family="Segoe+UI" displayName="Segoe+UI" postScript="" weightStyle="%D0%9E%D0%B1%D1%8B%D1%87%D0%BD%D1%8B%D0%B9" weight="400" isBold="False" isItalic="False"/>
      <textColor>4281545523</textColor>
      <textSize>14</textSize>
      <selectedIndex>-1</selectedIndex>
    </control>
    <control controlID="FA70C12F-82EA-4C81-8CD6-0CA446155D09" controlTypeID="Shape" x="186" y="529" w="153" h="44" zOrder="15">
      <color>4288256409</color>
      <borderColor>4288256409</borderColor>
      <font family="Segoe+UI" displayName="Segoe+UI" postScript="" weightStyle="%D0%9E%D0%B1%D1%8B%D1%87%D0%BD%D1%8B%D0%B9" weight="400" isBold="False" isItalic="False"/>
      <textColor>4281545523</textColor>
      <textSize>14</textSize>
      <selectedIndex>-1</selectedIndex>
    </control>
  </controls>
  <param>
    <backgroundColor>4279183437</backgroundColor>
    <fontSize>14</fontSize>
    <fontFamily>Segoe+UI</fontFamily>
    <guideLines/>
  </param>
</mockup>