﻿<mockup version="5.3" minAllowVersion="5.3" ID="6E7AB971-8E95-4237-8A0E-D467BD8DFCC0" platform="MtMobile" defaultW="360" defaultH="640" measureW="360" measureH="640" screenOrientation="MoPortrait" mobileScreenScale="1.77777779102325" clipArea="(0,0,0,0)">
  <controls controlCount="19">
    <control controlID="9F097DE5-1DC1-4815-8C64-5B1233A3BE4B" controlTypeID="Shape" x="0" y="-2" w="360" h="74" zOrder="0">
      <color>4278203136</color>
      <font family="Segoe+UI" displayName="Segoe+UI" postScript="" weightStyle="%D0%9E%D0%B1%D1%8B%D1%87%D0%BD%D1%8B%D0%B9" weight="400" isBold="False" isItalic="False" useDefaultFontFamily="False"/>
      <textSize>14</textSize>
      <selectedIndex>-1</selectedIndex>
      <radius>8</radius>
    </control>
    <control controlID="3000A270-1667-4021-B965-8CC35ECFD7BC" controlTypeID="Icon" x="83" y="9" w="53" h="53" zOrder="1">
      <color>4294967295</color>
      <icon>
        <ID/>
        <iconFontName>jdiconfontA</iconFontName>
        <iconCode>59799</iconCode>
      </icon>
      <URL>E8F04F9040932570AC634F8D59D2388B.svg</URL>
    </control>
    <control controlID="EB030C9D-F74C-4B19-82A1-E284AB4A494C" controlTypeID="Icon" x="20" y="27" w="21" h="21" zOrder="2">
      <color>4294967295</color>
      <links eventType="AtClick" animate="AmNone" animateAutoDelay="0" animateDuration="500">
        <link targetPageID="DE0646F3-0086-4E90-B235-1EDC91E09625" linkType="ltPageLink" isApplyIncludePage="False" title="%D0%86%D1%81%D1%82%D0%BE%D1%80%D1%96%D1%8F">
          <area shape="0" alt="" ID="{8AA1D701-58AC-4CC9-AEDC-6E01012CDC85}" coords="(0,0,21,21)"/>
        </link>
      </links>
      <icon>
        <ID/>
        <iconFontName>jdIonicons</iconFontName>
        <iconCode>62154</iconCode>
      </icon>
      <URL>D95E480717200F895E41DB6E5B869596.svg</URL>
    </control>
    <control controlID="8AC60D02-7E80-4C2B-ACCB-196BF83481F6" controlTypeID="Label" x="146" y="9" w="77" h="27" zOrder="3">
      <color>16777215</color>
      <font family="Segoe+UI" displayName="Segoe+UI" postScript="" weightStyle="%D0%9E%D0%B1%D1%8B%D1%87%D0%BD%D1%8B%D0%B9" weight="400" isBold="False" isItalic="False"/>
      <text>WalletTB</text>
      <textColor>4294967295</textColor>
      <textSize>20</textSize>
      <lineSpacing>0</lineSpacing>
      <useDefaultTextSize>False</useDefaultTextSize>
      <selectedIndex>-1</selectedIndex>
    </control>
    <control controlID="58946BA2-42B0-4611-BF40-44403A88E7E1" controlTypeID="Label" x="146" y="36" w="20" h="18" zOrder="4">
      <font family="Segoe+UI" displayName="Segoe+UI" postScript="" weightStyle="%D0%9E%D0%B1%D1%8B%D1%87%D0%BD%D1%8B%D0%B9" weight="400" isBold="False" isItalic="False"/>
      <text>bot</text>
      <textColor>4294967295</textColor>
      <textSize>13</textSize>
      <lineSpacing>0</lineSpacing>
      <useDefaultTextSize>False</useDefaultTextSize>
      <selectedIndex>-1</selectedIndex>
    </control>
    <control controlID="4E3B2699-D5FB-4E79-BECC-1408F9B4CA0A" controlTypeID="Shape" x="0" y="456" w="360" h="63" zOrder="5">
      <font family="Segoe+UI" displayName="Segoe+UI" postScript="" weightStyle="%D0%9E%D0%B1%D1%8B%D1%87%D0%BD%D1%8B%D0%B9" weight="400" isBold="False" isItalic="False"/>
      <textSize>14</textSize>
      <selectedIndex>-1</selectedIndex>
    </control>
    <control controlID="06773843-1FD9-472F-9D0A-B7C0432E3641" controlTypeID="Icon" x="20" y="472" w="32" h="32" zOrder="6">
      <icon>
        <ID/>
        <iconFontName>jdIcoFont</iconFontName>
        <iconCode>59270</iconCode>
      </icon>
      <URL>ED3EBA099F8499F3DD0DEA6F8C141DA7.svg</URL>
    </control>
    <control controlID="E7CF12C1-0D91-4B21-9091-8AE46EC2CECD" controlTypeID="Icon" x="279" y="473" w="30" h="30" zOrder="7">
      <icon>
        <ID/>
        <iconFontName>jdIonicons</iconFontName>
        <iconCode>62311</iconCode>
      </icon>
      <URL>112EE2F1122E853B6A7454D88207E9C6.svg</URL>
    </control>
    <control controlID="DFE10442-E97C-48E0-8251-A0F229F3AB0A" controlTypeID="Icon" x="319" y="474" w="28" h="28" zOrder="8">
      <icon>
        <ID/>
        <iconFontName>jdIonicons</iconFontName>
        <iconCode>62188</iconCode>
      </icon>
      <URL>6F1E26DA3F4DA7A720AD334E97A085AC.svg</URL>
    </control>
    <control controlID="3B1AC81A-EAA0-40F3-A6EC-2869C1C6A97F" controlTypeID="TextField" x="62" y="463" w="207" h="39" zOrder="9">
      <font family="Segoe+UI" displayName="Segoe+UI" postScript="" weightStyle="%D0%9E%D0%B1%D1%8B%D1%87%D0%BD%D1%8B%D0%B9" weight="400" isBold="False" isItalic="False"/>
      <textSize>14</textSize>
      <lineSpacing>0</lineSpacing>
      <selectedIndex>-1</selectedIndex>
      <showIcon>False</showIcon>
      <placeHolder>%D0%9F%D0%BE%D0%B2%D1%96%D0%B4%D0%BE%D0%BC%D0%BB%D0%B5%D0%BD%D0%BD%D1%8F</placeHolder>
    </control>
    <control controlID="CDE223AA-2653-41C7-B52D-CA4E805EB18A" controlTypeID="Button" x="16" y="87" w="147" h="48" zOrder="10">
      <color>4284900966</color>
      <borderColor>4294967295</borderColor>
      <borderVisible>False</borderVisible>
      <font family="Segoe+UI" displayName="Segoe+UI" postScript="" weightStyle="%D0%9E%D0%B1%D1%8B%D1%87%D0%BD%D1%8B%D0%B9" weight="400" isBold="False" isItalic="False" useDefaultFontFamily="False"/>
      <text>%2F%D0%86%D1%81%D1%82%D0%BE%D1%80%D1%96%D1%8F+%D0%B2%D0%B8%D1%82%D1%80%D0%B0%D1%82</text>
      <textColor>4294967295</textColor>
      <lineSpacing>0</lineSpacing>
      <useDefaultTextSize>False</useDefaultTextSize>
      <selectedIndex>-1</selectedIndex>
      <radius>10</radius>
    </control>
    <control controlID="2AC5F982-DBDC-4DD0-BB4F-521EC8823BAE" controlTypeID="Button" x="16" y="150" w="147" h="48" zOrder="11">
      <color>4284900966</color>
      <borderColor>4294967295</borderColor>
      <borderVisible>False</borderVisible>
      <font family="Segoe+UI" displayName="Segoe+UI" postScript="" weightStyle="%D0%9E%D0%B1%D1%8B%D1%87%D0%BD%D1%8B%D0%B9" weight="400" isBold="False" isItalic="False" useDefaultFontFamily="False"/>
      <text>%D0%92%D0%B8%D0%B1%D0%B5%D1%80%D1%96%D1%82%D1%8C+%D0%BF%D0%B5%D1%80%D1%96%D0%BE%D0%B4+%D1%87%D0%B0%D1%81%D1%83+%D0%B7%D0%B0+%D1%8F%D0%BA%D0%B8%D0%BC+%D1%88%D1%83%D0%BA%D0%B0%D1%82%D0%B8</text>
      <textColor>4294967295</textColor>
      <lineSpacing>0</lineSpacing>
      <useDefaultTextSize>False</useDefaultTextSize>
      <selectedIndex>-1</selectedIndex>
      <radius>10</radius>
    </control>
    <control controlID="8775C625-D91C-4405-82F7-218AF5104DD9" controlTypeID="Button" x="198" y="198" w="147" h="48" zOrder="12">
      <color>4284900966</color>
      <borderColor>4294967295</borderColor>
      <borderVisible>False</borderVisible>
      <font family="Segoe+UI" displayName="Segoe+UI" postScript="" weightStyle="%D0%9E%D0%B1%D1%8B%D1%87%D0%BD%D1%8B%D0%B9" weight="400" isBold="False" isItalic="False" useDefaultFontFamily="False"/>
      <text>%D0%A6%D1%8C%D0%BE%D0%B3%D0%BE+%D0%BC%D1%96%D1%81%D1%8F%D1%86%D1%8F%3A</text>
      <textColor>4294967295</textColor>
      <lineSpacing>0</lineSpacing>
      <useDefaultTextSize>False</useDefaultTextSize>
      <selectedIndex>-1</selectedIndex>
      <radius>10</radius>
    </control>
    <control controlID="BC07397C-E769-4BB2-9059-4DAF17BB53F1" controlTypeID="Button" x="176" y="256" w="169" h="190" zOrder="13">
      <color>4284900966</color>
      <borderColor>4294967295</borderColor>
      <borderVisible>False</borderVisible>
      <font family="Segoe+UI" displayName="Segoe+UI" postScript="" weightStyle="%D0%9E%D0%B1%D1%8B%D1%87%D0%BD%D1%8B%D0%B9" weight="400" isBold="False" isItalic="False" useDefaultFontFamily="False"/>
      <text>%0D%0A%D0%A2%D0%B8%D0%B6%D0%B4%D0%B5%D0%BD%D1%8C+1+(+01.03+-+08.03+)%0D%0A%D0%87%D0%B6%D0%B0+623+%D0%B3%D1%80%D0%BD.%0D%0A%D0%9A%D1%80%D0%B0%D1%81%D0%B0+44+%D0%B3%D1%80%D0%BD.%0D%0A%0D%0A%0D%0A%D0%A2%D0%B8%D0%B6%D0%B4%D0%B5%D0%BD%D1%8C+2+(+09.03+-+15.03+)%0D%0A%D0%87%D0%B6%D0%B0+391+%D0%B3%D1%80%D0%BD.%0D%0A%D0%A2%D1%80%D0%B0%D0%BD%D1%81%D0%BF%D0%BE%D1%80%D1%82+283+%D0%B3%D1%80%D0%BD.%0D%0A%0D%0A%D0%A6%D1%8C%D0%BE%D0%B3%D0%BE+%D1%82%D0%B8%D0%B6%D0%BD%D1%8F+(16.03+-+22.03)%0D%0A%D0%87%D0%B6%D0%B0+422+%D0%B3%D1%80%D0%BD.%0D%0A%0D%0A</text>
      <textColor>4294967295</textColor>
      <textSize>12</textSize>
      <lineSpacing>0</lineSpacing>
      <useDefaultTextSize>False</useDefaultTextSize>
      <selectedIndex>-1</selectedIndex>
      <radius>10</radius>
    </control>
    <control controlID="7E78A5B1-256D-4D33-9692-FCD87C3762F4" controlTypeID="Label" x="223" y="305" w="74" h="19" zOrder="14">
      <links eventType="AtClick" animate="AmNone" animateAutoDelay="0" animateDuration="500">
        <link targetPageID="DC86D519-0E0C-454D-A308-1BD80B791050" linkType="ltPageLink" isApplyIncludePage="False" title="%D0%A6%D1%8C%D0%BE%D0%B3%D0%BE+%D1%82%D0%B8%D0%B6%D0%BD%D1%8F">
          <area shape="0" alt="" ID="{2E00DD55-296D-4D53-A4C2-BDE76C9ABF5F}" coords="(0,0,74,19)"/>
        </link>
      </links>
      <font family="Segoe+UI" displayName="Segoe+UI" postScript="" weightStyle="%D0%9E%D0%B1%D1%8B%D1%87%D0%BD%D1%8B%D0%B9" weight="400" isBold="False" isItalic="False"/>
      <text>%D0%94%D0%B5%D1%82%D0%B0%D0%BB%D1%8C%D0%BD%D1%96%D1%88%D0%B5</text>
      <textColor>4278242304</textColor>
      <lineSpacing>0</lineSpacing>
      <textStyles>[fsUnderline]</textStyles>
      <selectedIndex>-1</selectedIndex>
    </control>
    <control controlID="842B054B-21F0-47B5-9C48-EF02DD31EEB5" controlTypeID="Label" x="223" y="427" w="74" h="19" zOrder="15">
      <links eventType="AtClick" animate="AmNone" animateAutoDelay="0" animateDuration="500">
        <link targetPageID="DC86D519-0E0C-454D-A308-1BD80B791050" linkType="ltPageLink" isApplyIncludePage="False" title="%D0%A6%D1%8C%D0%BE%D0%B3%D0%BE+%D1%82%D0%B8%D0%B6%D0%BD%D1%8F">
          <area shape="0" alt="" ID="{0458D136-88D2-4C55-B642-257C62B06E6C}" coords="(0,0,74,19)"/>
        </link>
      </links>
      <font family="Segoe+UI" displayName="Segoe+UI" postScript="" weightStyle="%D0%9E%D0%B1%D1%8B%D1%87%D0%BD%D1%8B%D0%B9" weight="400" isBold="False" isItalic="False"/>
      <text>%D0%94%D0%B5%D1%82%D0%B0%D0%BB%D1%8C%D0%BD%D1%96%D1%88%D0%B5</text>
      <textColor>4278242304</textColor>
      <lineSpacing>0</lineSpacing>
      <textStyles>[fsUnderline]</textStyles>
      <selectedIndex>-1</selectedIndex>
    </control>
    <control controlID="D1C689C6-4F7A-4AA3-8A7F-B37269624477" controlTypeID="Label" x="223" y="378" w="74" h="19" zOrder="16">
      <links eventType="AtClick" animate="AmNone" animateAutoDelay="0" animateDuration="500">
        <link targetPageID="DC86D519-0E0C-454D-A308-1BD80B791050" linkType="ltPageLink" isApplyIncludePage="False" title="%D0%A6%D1%8C%D0%BE%D0%B3%D0%BE+%D1%82%D0%B8%D0%B6%D0%BD%D1%8F">
          <area shape="0" alt="" ID="{FC4B3E5F-8580-45A2-AB77-A384D25C03BE}" coords="(0,0,74,19)"/>
        </link>
      </links>
      <font family="Segoe+UI" displayName="Segoe+UI" postScript="" weightStyle="%D0%9E%D0%B1%D1%8B%D1%87%D0%BD%D1%8B%D0%B9" weight="400" isBold="False" isItalic="False"/>
      <text>%D0%94%D0%B5%D1%82%D0%B0%D0%BB%D1%8C%D0%BD%D1%96%D1%88%D0%B5</text>
      <textColor>4278242304</textColor>
      <lineSpacing>0</lineSpacing>
      <textStyles>[fsUnderline]</textStyles>
      <selectedIndex>-1</selectedIndex>
    </control>
    <control controlID="E276F9DB-2DE6-4457-B745-AD014E96C190" controlTypeID="Shape" x="0" y="519" w="360" h="124" zOrder="17">
      <color>4290888129</color>
      <borderColor>4288256409</borderColor>
      <font family="Segoe+UI" displayName="Segoe+UI" postScript="" weightStyle="%D0%9E%D0%B1%D1%8B%D1%87%D0%BD%D1%8B%D0%B9" weight="400" isBold="False" isItalic="False" useDefaultFontFamily="False"/>
      <textColor>4294967295</textColor>
      <selectedIndex>-1</selectedIndex>
      <dashMode>SdDash</dashMode>
      <borderMode>[bmRight,bmBottom]</borderMode>
      <radius>8</radius>
    </control>
    <control controlID="2F096708-09DE-45CA-9941-9C629BE982D8" controlTypeID="Shape" x="71" y="559" w="218" h="44" zOrder="18">
      <color>4288256409</color>
      <borderColor>4288256409</borderColor>
      <links eventType="AtClick" animate="AmNone" animateAutoDelay="0" animateDuration="500">
        <link targetPageID="DE0646F3-0086-4E90-B235-1EDC91E09625" linkType="ltPageLink" isApplyIncludePage="False" title="%D0%86%D1%81%D1%82%D0%BE%D1%80%D1%96%D1%8F">
          <area shape="0" alt="" ID="{98917E92-0EB9-49C3-8E1F-442C7E98887F}" coords="(0,0,218,44)"/>
        </link>
      </links>
      <font family="Segoe+UI" displayName="Segoe+UI" postScript="" weightStyle="%D0%9E%D0%B1%D1%8B%D1%87%D0%BD%D1%8B%D0%B9" weight="400" isBold="False" isItalic="False"/>
      <text>%D0%9D%D0%B0%D0%B7%D0%B0%D0%B4</text>
      <textColor>4281545523</textColor>
      <textSize>14</textSize>
      <selectedIndex>-1</selectedIndex>
    </control>
  </controls>
  <param>
    <backgroundColor>4279183437</backgroundColor>
    <fontSize>14</fontSize>
    <fontFamily>Segoe+UI</fontFamily>
    <guideLines/>
  </param>
</mockup>