﻿<mockup version="5.3" minAllowVersion="5.3" ID="DD5443CE-69EB-4451-B3DC-FDCABB1A0CE1" platform="MtMobile" defaultW="360" defaultH="640" measureW="360" measureH="640" screenOrientation="MoPortrait" mobileScreenScale="1.77777779102325" clipArea="(0,0,0,0)">
  <controls controlCount="25">
    <control controlID="9F097DE5-1DC1-4815-8C64-5B1233A3BE4B" controlTypeID="Shape" x="0" y="-2" w="360" h="74" zOrder="0">
      <color>4278203136</color>
      <font family="Segoe+UI" displayName="Segoe+UI" postScript="" weightStyle="%D0%9E%D0%B1%D1%8B%D1%87%D0%BD%D1%8B%D0%B9" weight="400" isBold="False" isItalic="False" useDefaultFontFamily="False"/>
      <textSize>14</textSize>
      <selectedIndex>-1</selectedIndex>
      <radius>8</radius>
    </control>
    <control controlID="3000A270-1667-4021-B965-8CC35ECFD7BC" controlTypeID="Icon" x="83" y="9" w="53" h="53" zOrder="1">
      <color>4294967295</color>
      <icon>
        <ID/>
        <iconFontName>jdiconfontA</iconFontName>
        <iconCode>59799</iconCode>
      </icon>
      <URL>E8F04F9040932570AC634F8D59D2388B.svg</URL>
    </control>
    <control controlID="EB030C9D-F74C-4B19-82A1-E284AB4A494C" controlTypeID="Icon" x="20" y="27" w="21" h="21" zOrder="2">
      <color>4294967295</color>
      <links eventType="AtClick" animate="AmNone" animateAutoDelay="0" animateDuration="500">
        <link targetPageID="6F594E19-7B3F-4751-BD7A-7C8AF3F8B711" linkType="ltPageLink" isApplyIncludePage="False" title="%D0%A0%D0%B5%D0%B4%D0%B0%D0%B3%D1%83%D0%B2%D0%B0%D0%BD%D0%BD%D1%8F+%D1%81%D0%B8%D1%81%D1%82%D0%B5%D0%BC%D0%B8">
          <area shape="0" alt="" ID="{849F2E15-081B-41C6-B25E-F870FB8E179E}" coords="(0,0,21,21)"/>
        </link>
      </links>
      <icon>
        <ID/>
        <iconFontName>jdIonicons</iconFontName>
        <iconCode>62154</iconCode>
      </icon>
      <URL>D95E480717200F895E41DB6E5B869596.svg</URL>
    </control>
    <control controlID="8AC60D02-7E80-4C2B-ACCB-196BF83481F6" controlTypeID="Label" x="146" y="9" w="77" h="27" zOrder="3">
      <color>16777215</color>
      <font family="Segoe+UI" displayName="Segoe+UI" postScript="" weightStyle="%D0%9E%D0%B1%D1%8B%D1%87%D0%BD%D1%8B%D0%B9" weight="400" isBold="False" isItalic="False"/>
      <text>WalletTB</text>
      <textColor>4294967295</textColor>
      <textSize>20</textSize>
      <lineSpacing>0</lineSpacing>
      <useDefaultTextSize>False</useDefaultTextSize>
      <selectedIndex>-1</selectedIndex>
    </control>
    <control controlID="58946BA2-42B0-4611-BF40-44403A88E7E1" controlTypeID="Label" x="146" y="36" w="20" h="18" zOrder="4">
      <font family="Segoe+UI" displayName="Segoe+UI" postScript="" weightStyle="%D0%9E%D0%B1%D1%8B%D1%87%D0%BD%D1%8B%D0%B9" weight="400" isBold="False" isItalic="False"/>
      <text>bot</text>
      <textColor>4294967295</textColor>
      <textSize>13</textSize>
      <lineSpacing>0</lineSpacing>
      <useDefaultTextSize>False</useDefaultTextSize>
      <selectedIndex>-1</selectedIndex>
    </control>
    <control controlID="6F135681-3C4A-4CAA-AB36-835E87A1EB9C" controlTypeID="Shape" x="0" y="519" w="360" h="124" zOrder="5">
      <color>4290888129</color>
      <borderColor>4288256409</borderColor>
      <font family="Segoe+UI" displayName="Segoe+UI" postScript="" weightStyle="%D0%9E%D0%B1%D1%8B%D1%87%D0%BD%D1%8B%D0%B9" weight="400" isBold="False" isItalic="False" useDefaultFontFamily="False"/>
      <textColor>4294967295</textColor>
      <selectedIndex>-1</selectedIndex>
      <dashMode>SdDash</dashMode>
      <borderMode>[bmRight,bmBottom]</borderMode>
      <radius>8</radius>
    </control>
    <control controlID="4E3B2699-D5FB-4E79-BECC-1408F9B4CA0A" controlTypeID="Shape" x="0" y="456" w="360" h="63" zOrder="6">
      <font family="Segoe+UI" displayName="Segoe+UI" postScript="" weightStyle="%D0%9E%D0%B1%D1%8B%D1%87%D0%BD%D1%8B%D0%B9" weight="400" isBold="False" isItalic="False"/>
      <textSize>14</textSize>
      <selectedIndex>-1</selectedIndex>
    </control>
    <control controlID="06773843-1FD9-472F-9D0A-B7C0432E3641" controlTypeID="Icon" x="20" y="472" w="32" h="32" zOrder="7">
      <icon>
        <ID/>
        <iconFontName>jdIcoFont</iconFontName>
        <iconCode>59270</iconCode>
      </icon>
      <URL>ED3EBA099F8499F3DD0DEA6F8C141DA7.svg</URL>
    </control>
    <control controlID="E7CF12C1-0D91-4B21-9091-8AE46EC2CECD" controlTypeID="Icon" x="279" y="473" w="30" h="30" zOrder="8">
      <icon>
        <ID/>
        <iconFontName>jdIonicons</iconFontName>
        <iconCode>62311</iconCode>
      </icon>
      <URL>112EE2F1122E853B6A7454D88207E9C6.svg</URL>
    </control>
    <control controlID="CE15A292-272C-40E2-A1E6-B5CB699A9433" controlTypeID="Icon" x="241" y="474" w="28" h="28" zOrder="9">
      <icon>
        <ID/>
        <iconFontName>jdIcoMoonFree</iconFontName>
        <iconCode>59740</iconCode>
      </icon>
      <URL>F0BDAC64E7EBA2A3D254960B288224AB.svg</URL>
    </control>
    <control controlID="DFE10442-E97C-48E0-8251-A0F229F3AB0A" controlTypeID="Icon" x="319" y="474" w="28" h="28" zOrder="10">
      <icon>
        <ID/>
        <iconFontName>jdIonicons</iconFontName>
        <iconCode>62188</iconCode>
      </icon>
      <URL>6F1E26DA3F4DA7A720AD334E97A085AC.svg</URL>
    </control>
    <control controlID="41071861-D59D-444F-924A-2A1AD89C52FD" controlTypeID="Shape" x="23" y="529" w="153" h="44" zOrder="11">
      <color>4288256409</color>
      <borderColor>4288256409</borderColor>
      <interactiveData>
        <entry title="">
          <area shape="0" alt="" ID="{A9100CC9-BB8A-47D4-8942-04A8BFF18075}" coords="(0,0,153,44)"/>
          <events title="">
            <event eventType="atClick" isChecked="True">
              <behaviour title="" isChecked="True" isWait="False" isLoop="False" execMode="emParallel">
                <target targetID="CA78168D-FD7B-4B36-8F93-311C78D577A1" isChecked="True" isAutoRecovery="False" isLoop="False" execMode="emSequence">
                  <command name="Change Visibility" isChecked="True" descrition="">
                    <param name="AniInterpolation" value="1" varType="3" description=""/>
                    <param name="AniDuration" value="200" varType="3" description=""/>
                    <param name="AniAutoReverse" value="False" varType="11" description=""/>
                    <param name="AniLoop" value="False" varType="11" description=""/>
                    <param name="AniInterpolationTypeOut" value="False" varType="11" description=""/>
                    <param name="Delay" value="0" varType="3" description=""/>
                    <param name="ValueFromCurrent" value="True" varType="11" description=""/>
                    <param name="ForceFromInitValue" value="False" varType="11" description=""/>
                    <param name="ForceSetVisible" value="False" varType="11" description=""/>
                    <param name="Value" value="2" varType="3" description=""/>
                    <param name="TerminateLoopByClick" value="True" varType="11" description=""/>
                  </command>
                </target>
                <target targetID="C3450B93-E47D-4830-BDCF-FD87547DFA98" isChecked="True" isAutoRecovery="False" isLoop="False" execMode="emSequence">
                  <command name="Change Visibility" isChecked="True" descrition="">
                    <param name="AniInterpolation" value="1" varType="3" description=""/>
                    <param name="AniDuration" value="200" varType="3" description=""/>
                    <param name="AniAutoReverse" value="False" varType="11" description=""/>
                    <param name="AniLoop" value="False" varType="11" description=""/>
                    <param name="AniInterpolationTypeOut" value="False" varType="11" description=""/>
                    <param name="Delay" value="0" varType="3" description=""/>
                    <param name="ValueFromCurrent" value="True" varType="11" description=""/>
                    <param name="ForceFromInitValue" value="False" varType="11" description=""/>
                    <param name="ForceSetVisible" value="False" varType="11" description=""/>
                    <param name="Value" value="2" varType="3" description=""/>
                    <param name="TerminateLoopByClick" value="True" varType="11" description=""/>
                  </command>
                </target>
                <target targetID="6143FEE3-3A2D-43E7-B577-ED06D68D79C0" isChecked="True" isAutoRecovery="False" isLoop="False" execMode="emSequence">
                  <command name="Change Visibility" isChecked="True" descrition="">
                    <param name="AniInterpolation" value="1" varType="3" description=""/>
                    <param name="AniDuration" value="200" varType="3" description=""/>
                    <param name="AniAutoReverse" value="False" varType="11" description=""/>
                    <param name="AniLoop" value="False" varType="11" description=""/>
                    <param name="AniInterpolationTypeOut" value="False" varType="11" description=""/>
                    <param name="Delay" value="0" varType="3" description=""/>
                    <param name="ValueFromCurrent" value="True" varType="11" description=""/>
                    <param name="ForceFromInitValue" value="False" varType="11" description=""/>
                    <param name="ForceSetVisible" value="False" varType="11" description=""/>
                    <param name="Value" value="1" varType="3" description=""/>
                    <param name="TerminateLoopByClick" value="True" varType="11" description=""/>
                  </command>
                </target>
                <target targetID="C6A69795-EB72-4068-9443-4F5946C2BB53" isChecked="True" isAutoRecovery="False" isLoop="False" execMode="emSequence">
                  <command name="Change Visibility" isChecked="True" descrition="">
                    <param name="AniInterpolation" value="1" varType="3" description=""/>
                    <param name="AniDuration" value="200" varType="3" description=""/>
                    <param name="AniAutoReverse" value="False" varType="11" description=""/>
                    <param name="AniLoop" value="False" varType="11" description=""/>
                    <param name="AniInterpolationTypeOut" value="False" varType="11" description=""/>
                    <param name="Delay" value="0" varType="3" description=""/>
                    <param name="ValueFromCurrent" value="True" varType="11" description=""/>
                    <param name="ForceFromInitValue" value="False" varType="11" description=""/>
                    <param name="ForceSetVisible" value="False" varType="11" description=""/>
                    <param name="Value" value="1" varType="3" description=""/>
                    <param name="TerminateLoopByClick" value="True" varType="11" description=""/>
                  </command>
                </target>
                <target targetID="C5D4F0E0-1118-43A0-A2D6-4B59AA43A203" isChecked="True" isAutoRecovery="False" isLoop="False" execMode="emSequence">
                  <command name="Change Visibility" isChecked="True" descrition="">
                    <param name="AniInterpolation" value="1" varType="3" description=""/>
                    <param name="AniDuration" value="200" varType="3" description=""/>
                    <param name="AniAutoReverse" value="False" varType="11" description=""/>
                    <param name="AniLoop" value="False" varType="11" description=""/>
                    <param name="AniInterpolationTypeOut" value="False" varType="11" description=""/>
                    <param name="Delay" value="0" varType="3" description=""/>
                    <param name="ValueFromCurrent" value="True" varType="11" description=""/>
                    <param name="ForceFromInitValue" value="False" varType="11" description=""/>
                    <param name="ForceSetVisible" value="False" varType="11" description=""/>
                    <param name="Value" value="1" varType="3" description=""/>
                    <param name="TerminateLoopByClick" value="True" varType="11" description=""/>
                  </command>
                </target>
                <target targetID="8103D2E6-829D-4FFB-806F-0CCF3C29A74D" isChecked="True" isAutoRecovery="False" isLoop="False" execMode="emSequence">
                  <command name="Change Visibility" isChecked="True" descrition="">
                    <param name="AniInterpolation" value="1" varType="3" description=""/>
                    <param name="AniDuration" value="200" varType="3" description=""/>
                    <param name="AniAutoReverse" value="False" varType="11" description=""/>
                    <param name="AniLoop" value="False" varType="11" description=""/>
                    <param name="AniInterpolationTypeOut" value="False" varType="11" description=""/>
                    <param name="Delay" value="0" varType="3" description=""/>
                    <param name="ValueFromCurrent" value="True" varType="11" description=""/>
                    <param name="ForceFromInitValue" value="False" varType="11" description=""/>
                    <param name="ForceSetVisible" value="False" varType="11" description=""/>
                    <param name="Value" value="1" varType="3" description=""/>
                    <param name="TerminateLoopByClick" value="True" varType="11" description=""/>
                  </command>
                </target>
              </behaviour>
            </event>
          </events>
        </entry>
      </interactiveData>
      <font family="Segoe+UI" displayName="Segoe+UI" postScript="" weightStyle="%D0%9E%D0%B1%D1%8B%D1%87%D0%BD%D1%8B%D0%B9" weight="400" isBold="False" isItalic="False"/>
      <text>%D0%94%D0%BE%D0%B4%D0%B0%D1%82%D0%B8+%D0%BA%D0%B0%D1%82%D0%B5%D0%B3%D0%BE%D1%80%D1%96%D1%8E</text>
      <textColor>4281545523</textColor>
      <textSize>14</textSize>
      <selectedIndex>-1</selectedIndex>
    </control>
    <control controlID="AF571272-E5A6-4E68-90E2-8419FD813E70" controlTypeID="Shape" x="23" y="583" w="153" h="44" zOrder="12">
      <color>4288256409</color>
      <borderColor>4288256409</borderColor>
      <interactiveData>
        <entry title="">
          <area shape="0" alt="" ID="{F72175DE-E5D0-4E68-AE38-9E0FFE060A0E}" coords="(0,0,153,44)"/>
          <events title="">
            <event eventType="atClick" isChecked="True">
              <behaviour title="" isChecked="True" isWait="False" isLoop="False" execMode="emParallel">
                <target targetID="C6A69795-EB72-4068-9443-4F5946C2BB53" isChecked="True" isAutoRecovery="False" isLoop="False" execMode="emSequence">
                  <command name="Change Visibility" isChecked="True" descrition="">
                    <param name="AniInterpolation" value="1" varType="3" description=""/>
                    <param name="AniDuration" value="200" varType="3" description=""/>
                    <param name="AniAutoReverse" value="False" varType="11" description=""/>
                    <param name="AniLoop" value="False" varType="11" description=""/>
                    <param name="AniInterpolationTypeOut" value="False" varType="11" description=""/>
                    <param name="Delay" value="0" varType="3" description=""/>
                    <param name="ValueFromCurrent" value="True" varType="11" description=""/>
                    <param name="ForceFromInitValue" value="False" varType="11" description=""/>
                    <param name="ForceSetVisible" value="False" varType="11" description=""/>
                    <param name="Value" value="0" varType="3" description=""/>
                    <param name="TerminateLoopByClick" value="True" varType="11" description=""/>
                  </command>
                </target>
                <target targetID="8103D2E6-829D-4FFB-806F-0CCF3C29A74D" isChecked="True" isAutoRecovery="False" isLoop="False" execMode="emSequence">
                  <command name="Change Visibility" isChecked="True" descrition="">
                    <param name="AniInterpolation" value="1" varType="3" description=""/>
                    <param name="AniDuration" value="200" varType="3" description=""/>
                    <param name="AniAutoReverse" value="False" varType="11" description=""/>
                    <param name="AniLoop" value="False" varType="11" description=""/>
                    <param name="AniInterpolationTypeOut" value="False" varType="11" description=""/>
                    <param name="Delay" value="0" varType="3" description=""/>
                    <param name="ValueFromCurrent" value="True" varType="11" description=""/>
                    <param name="ForceFromInitValue" value="False" varType="11" description=""/>
                    <param name="ForceSetVisible" value="False" varType="11" description=""/>
                    <param name="Value" value="1" varType="3" description=""/>
                    <param name="TerminateLoopByClick" value="True" varType="11" description=""/>
                  </command>
                </target>
                <target targetID="4D4A9595-2750-4A30-86B7-359B5CBC38CB" isChecked="True" isAutoRecovery="False" isLoop="False" execMode="emSequence">
                  <command name="Change Visibility" isChecked="True" descrition="">
                    <param name="AniInterpolation" value="1" varType="3" description=""/>
                    <param name="AniDuration" value="200" varType="3" description=""/>
                    <param name="AniAutoReverse" value="False" varType="11" description=""/>
                    <param name="AniLoop" value="False" varType="11" description=""/>
                    <param name="AniInterpolationTypeOut" value="False" varType="11" description=""/>
                    <param name="Delay" value="0" varType="3" description=""/>
                    <param name="ValueFromCurrent" value="True" varType="11" description=""/>
                    <param name="ForceFromInitValue" value="False" varType="11" description=""/>
                    <param name="ForceSetVisible" value="False" varType="11" description=""/>
                    <param name="Value" value="1" varType="3" description=""/>
                    <param name="TerminateLoopByClick" value="True" varType="11" description=""/>
                  </command>
                </target>
                <target targetID="CA78168D-FD7B-4B36-8F93-311C78D577A1" isChecked="True" isAutoRecovery="False" isLoop="False" execMode="emSequence">
                  <command name="Change Visibility" isChecked="True" descrition="">
                    <param name="AniInterpolation" value="1" varType="3" description=""/>
                    <param name="AniDuration" value="200" varType="3" description=""/>
                    <param name="AniAutoReverse" value="False" varType="11" description=""/>
                    <param name="AniLoop" value="False" varType="11" description=""/>
                    <param name="AniInterpolationTypeOut" value="False" varType="11" description=""/>
                    <param name="Delay" value="0" varType="3" description=""/>
                    <param name="ValueFromCurrent" value="True" varType="11" description=""/>
                    <param name="ForceFromInitValue" value="False" varType="11" description=""/>
                    <param name="ForceSetVisible" value="False" varType="11" description=""/>
                    <param name="Value" value="1" varType="3" description=""/>
                    <param name="TerminateLoopByClick" value="True" varType="11" description=""/>
                  </command>
                </target>
                <target targetID="C5D4F0E0-1118-43A0-A2D6-4B59AA43A203" isChecked="True" isAutoRecovery="False" isLoop="False" execMode="emSequence">
                  <command name="Change Visibility" isChecked="True" descrition="">
                    <param name="AniInterpolation" value="1" varType="3" description=""/>
                    <param name="AniDuration" value="200" varType="3" description=""/>
                    <param name="AniAutoReverse" value="False" varType="11" description=""/>
                    <param name="AniLoop" value="False" varType="11" description=""/>
                    <param name="AniInterpolationTypeOut" value="False" varType="11" description=""/>
                    <param name="Delay" value="0" varType="3" description=""/>
                    <param name="ValueFromCurrent" value="True" varType="11" description=""/>
                    <param name="ForceFromInitValue" value="False" varType="11" description=""/>
                    <param name="ForceSetVisible" value="False" varType="11" description=""/>
                    <param name="Value" value="2" varType="3" description=""/>
                    <param name="TerminateLoopByClick" value="True" varType="11" description=""/>
                  </command>
                </target>
                <target targetID="6143FEE3-3A2D-43E7-B577-ED06D68D79C0" isChecked="True" isAutoRecovery="False" isLoop="False" execMode="emSequence">
                  <command name="Change Visibility" isChecked="True" descrition="">
                    <param name="AniInterpolation" value="1" varType="3" description=""/>
                    <param name="AniDuration" value="200" varType="3" description=""/>
                    <param name="AniAutoReverse" value="False" varType="11" description=""/>
                    <param name="AniLoop" value="False" varType="11" description=""/>
                    <param name="AniInterpolationTypeOut" value="False" varType="11" description=""/>
                    <param name="Delay" value="0" varType="3" description=""/>
                    <param name="ValueFromCurrent" value="True" varType="11" description=""/>
                    <param name="ForceFromInitValue" value="False" varType="11" description=""/>
                    <param name="ForceSetVisible" value="False" varType="11" description=""/>
                    <param name="Value" value="0" varType="3" description=""/>
                    <param name="TerminateLoopByClick" value="True" varType="11" description=""/>
                  </command>
                </target>
              </behaviour>
            </event>
          </events>
        </entry>
      </interactiveData>
      <font family="Segoe+UI" displayName="Segoe+UI" postScript="" weightStyle="%D0%9E%D0%B1%D1%8B%D1%87%D0%BD%D1%8B%D0%B9" weight="400" isBold="False" isItalic="False"/>
      <text>%D0%92%D0%B8%D0%B4%D0%B0%D0%BB%D0%B8%D1%82%D0%B8+%D0%BA%D0%B0%D1%82%D0%B5%D0%B3%D0%BE%D1%80%D1%96%D1%8E</text>
      <textColor>4281545523</textColor>
      <textSize>14</textSize>
      <selectedIndex>-1</selectedIndex>
    </control>
    <control controlID="E4819C6D-8B38-49C8-B59F-E2778BFAF48C" controlTypeID="Shape" x="186" y="583" w="153" h="44" zOrder="13">
      <color>4288256409</color>
      <borderColor>4288256409</borderColor>
      <links eventType="AtClick" animate="AmNone" animateAutoDelay="0" animateDuration="500">
        <link targetPageID="6F594E19-7B3F-4751-BD7A-7C8AF3F8B711" linkType="ltPageLink" isApplyIncludePage="False" title="%D0%A0%D0%B5%D0%B4%D0%B0%D0%B3%D1%83%D0%B2%D0%B0%D0%BD%D0%BD%D1%8F+%D1%81%D0%B8%D1%81%D1%82%D0%B5%D0%BC%D0%B8">
          <area shape="0" alt="" ID="{5879C6A9-0314-4C48-AB51-727A3BF8A46F}" coords="(0,0,153,44)"/>
        </link>
      </links>
      <font family="Segoe+UI" displayName="Segoe+UI" postScript="" weightStyle="%D0%9E%D0%B1%D1%8B%D1%87%D0%BD%D1%8B%D0%B9" weight="400" isBold="False" isItalic="False"/>
      <text>%D0%9D%D0%B0%D0%B7%D0%B0%D0%B4</text>
      <textColor>4281545523</textColor>
      <textSize>14</textSize>
      <selectedIndex>-1</selectedIndex>
    </control>
    <control controlID="FA70C12F-82EA-4C81-8CD6-0CA446155D09" controlTypeID="Shape" x="186" y="529" w="153" h="44" zOrder="14">
      <color>4288256409</color>
      <borderColor>4288256409</borderColor>
      <interactiveData>
        <entry title="">
          <area shape="0" alt="" ID="{8C36B1DB-CDE5-4E8E-9D19-8EBB7055125F}" coords="(0,0,153,44)"/>
          <events title="">
            <event eventType="atClick" isChecked="True">
              <behaviour title="" isChecked="True" isWait="False" isLoop="False" execMode="emParallel">
                <target targetID="4D4A9595-2750-4A30-86B7-359B5CBC38CB" isChecked="True" isAutoRecovery="False" isLoop="False" execMode="emSequence">
                  <command name="Change Visibility" isChecked="True" descrition="">
                    <param name="AniInterpolation" value="1" varType="3" description=""/>
                    <param name="AniDuration" value="200" varType="3" description=""/>
                    <param name="AniAutoReverse" value="False" varType="11" description=""/>
                    <param name="AniLoop" value="False" varType="11" description=""/>
                    <param name="AniInterpolationTypeOut" value="False" varType="11" description=""/>
                    <param name="Delay" value="0" varType="3" description=""/>
                    <param name="ValueFromCurrent" value="True" varType="11" description=""/>
                    <param name="ForceFromInitValue" value="False" varType="11" description=""/>
                    <param name="ForceSetVisible" value="False" varType="11" description=""/>
                    <param name="Value" value="1" varType="3" description=""/>
                    <param name="TerminateLoopByClick" value="True" varType="11" description=""/>
                  </command>
                </target>
                <target targetID="CA78168D-FD7B-4B36-8F93-311C78D577A1" isChecked="True" isAutoRecovery="False" isLoop="False" execMode="emSequence">
                  <command name="Change Visibility" isChecked="True" descrition="">
                    <param name="AniInterpolation" value="1" varType="3" description=""/>
                    <param name="AniDuration" value="200" varType="3" description=""/>
                    <param name="AniAutoReverse" value="False" varType="11" description=""/>
                    <param name="AniLoop" value="False" varType="11" description=""/>
                    <param name="AniInterpolationTypeOut" value="False" varType="11" description=""/>
                    <param name="Delay" value="0" varType="3" description=""/>
                    <param name="ValueFromCurrent" value="True" varType="11" description=""/>
                    <param name="ForceFromInitValue" value="False" varType="11" description=""/>
                    <param name="ForceSetVisible" value="False" varType="11" description=""/>
                    <param name="Value" value="1" varType="3" description=""/>
                    <param name="TerminateLoopByClick" value="True" varType="11" description=""/>
                  </command>
                </target>
                <target targetID="C3450B93-E47D-4830-BDCF-FD87547DFA98" isChecked="True" isAutoRecovery="False" isLoop="False" execMode="emSequence">
                  <command name="Change Visibility" isChecked="True" descrition="">
                    <param name="AniInterpolation" value="1" varType="3" description=""/>
                    <param name="AniDuration" value="200" varType="3" description=""/>
                    <param name="AniAutoReverse" value="False" varType="11" description=""/>
                    <param name="AniLoop" value="False" varType="11" description=""/>
                    <param name="AniInterpolationTypeOut" value="False" varType="11" description=""/>
                    <param name="Delay" value="0" varType="3" description=""/>
                    <param name="ValueFromCurrent" value="True" varType="11" description=""/>
                    <param name="ForceFromInitValue" value="False" varType="11" description=""/>
                    <param name="ForceSetVisible" value="False" varType="11" description=""/>
                    <param name="Value" value="1" varType="3" description=""/>
                    <param name="TerminateLoopByClick" value="True" varType="11" description=""/>
                  </command>
                </target>
                <target targetID="C6A69795-EB72-4068-9443-4F5946C2BB53" isChecked="True" isAutoRecovery="False" isLoop="False" execMode="emSequence">
                  <command name="Change Visibility" isChecked="True" descrition="">
                    <param name="AniInterpolation" value="1" varType="3" description=""/>
                    <param name="AniDuration" value="200" varType="3" description=""/>
                    <param name="AniAutoReverse" value="False" varType="11" description=""/>
                    <param name="AniLoop" value="False" varType="11" description=""/>
                    <param name="AniInterpolationTypeOut" value="False" varType="11" description=""/>
                    <param name="Delay" value="0" varType="3" description=""/>
                    <param name="ValueFromCurrent" value="True" varType="11" description=""/>
                    <param name="ForceFromInitValue" value="False" varType="11" description=""/>
                    <param name="ForceSetVisible" value="False" varType="11" description=""/>
                    <param name="Value" value="0" varType="3" description=""/>
                    <param name="TerminateLoopByClick" value="True" varType="11" description=""/>
                  </command>
                </target>
                <target targetID="6143FEE3-3A2D-43E7-B577-ED06D68D79C0" isChecked="True" isAutoRecovery="False" isLoop="False" execMode="emSequence">
                  <command name="Change Visibility" isChecked="True" descrition="">
                    <param name="AniInterpolation" value="1" varType="3" description=""/>
                    <param name="AniDuration" value="200" varType="3" description=""/>
                    <param name="AniAutoReverse" value="False" varType="11" description=""/>
                    <param name="AniLoop" value="False" varType="11" description=""/>
                    <param name="AniInterpolationTypeOut" value="False" varType="11" description=""/>
                    <param name="Delay" value="0" varType="3" description=""/>
                    <param name="ValueFromCurrent" value="True" varType="11" description=""/>
                    <param name="ForceFromInitValue" value="False" varType="11" description=""/>
                    <param name="ForceSetVisible" value="False" varType="11" description=""/>
                    <param name="Value" value="0" varType="3" description=""/>
                    <param name="TerminateLoopByClick" value="True" varType="11" description=""/>
                  </command>
                </target>
                <target targetID="8103D2E6-829D-4FFB-806F-0CCF3C29A74D" isChecked="True" isAutoRecovery="False" isLoop="False" execMode="emSequence">
                  <command name="Change Visibility" isChecked="True" descrition="">
                    <param name="AniInterpolation" value="1" varType="3" description=""/>
                    <param name="AniDuration" value="200" varType="3" description=""/>
                    <param name="AniAutoReverse" value="False" varType="11" description=""/>
                    <param name="AniLoop" value="False" varType="11" description=""/>
                    <param name="AniInterpolationTypeOut" value="False" varType="11" description=""/>
                    <param name="Delay" value="0" varType="3" description=""/>
                    <param name="ValueFromCurrent" value="True" varType="11" description=""/>
                    <param name="ForceFromInitValue" value="False" varType="11" description=""/>
                    <param name="ForceSetVisible" value="False" varType="11" description=""/>
                    <param name="Value" value="2" varType="3" description=""/>
                    <param name="TerminateLoopByClick" value="True" varType="11" description=""/>
                  </command>
                </target>
                <target targetID="C5D4F0E0-1118-43A0-A2D6-4B59AA43A203" isChecked="True" isAutoRecovery="False" isLoop="False" execMode="emSequence">
                  <command name="Change Visibility" isChecked="True" descrition="">
                    <param name="AniInterpolation" value="1" varType="3" description=""/>
                    <param name="AniDuration" value="200" varType="3" description=""/>
                    <param name="AniAutoReverse" value="False" varType="11" description=""/>
                    <param name="AniLoop" value="False" varType="11" description=""/>
                    <param name="AniInterpolationTypeOut" value="False" varType="11" description=""/>
                    <param name="Delay" value="0" varType="3" description=""/>
                    <param name="ValueFromCurrent" value="True" varType="11" description=""/>
                    <param name="ForceFromInitValue" value="False" varType="11" description=""/>
                    <param name="ForceSetVisible" value="False" varType="11" description=""/>
                    <param name="Value" value="1" varType="3" description=""/>
                    <param name="TerminateLoopByClick" value="True" varType="11" description=""/>
                  </command>
                </target>
              </behaviour>
            </event>
            <event eventType="atLoad" isChecked="True">
              <behaviour title="" isChecked="True" isWait="False" isLoop="False" execMode="emParallel">
                <target targetID="C6A69795-EB72-4068-9443-4F5946C2BB53" isChecked="True" isAutoRecovery="False" isLoop="False" execMode="emSequence">
                  <command name="Change Visibility" isChecked="True" descrition="">
                    <param name="AniInterpolation" value="1" varType="3" description=""/>
                    <param name="AniDuration" value="200" varType="3" description=""/>
                    <param name="AniAutoReverse" value="False" varType="11" description=""/>
                    <param name="AniLoop" value="False" varType="11" description=""/>
                    <param name="AniInterpolationTypeOut" value="False" varType="11" description=""/>
                    <param name="Delay" value="0" varType="3" description=""/>
                    <param name="ValueFromCurrent" value="True" varType="11" description=""/>
                    <param name="ForceFromInitValue" value="False" varType="11" description=""/>
                    <param name="ForceSetVisible" value="False" varType="11" description=""/>
                    <param name="Value" value="2" varType="3" description=""/>
                    <param name="TerminateLoopByClick" value="True" varType="11" description=""/>
                  </command>
                </target>
              </behaviour>
            </event>
          </events>
        </entry>
      </interactiveData>
      <font family="Segoe+UI" displayName="Segoe+UI" postScript="" weightStyle="%D0%9E%D0%B1%D1%8B%D1%87%D0%BD%D1%8B%D0%B9" weight="400" isBold="False" isItalic="False"/>
      <text>%D0%97%D0%BC%D1%96%D0%BD%D0%B8%D1%82%D0%B8+%D0%BA%D0%B0%D1%82%D0%B5%D0%B3%D0%BE%D1%80%D1%96%D1%8E</text>
      <textColor>4281545523</textColor>
      <textSize>14</textSize>
      <selectedIndex>-1</selectedIndex>
    </control>
    <control controlID="C3450B93-E47D-4830-BDCF-FD87547DFA98" controlTypeID="TextField" x="69" y="463" w="162" h="39" zOrder="15">
      <isShow>False</isShow>
      <interactiveData>
        <entry title="">
          <area shape="0" alt="" ID="{1F1F6B21-7610-49A9-BB80-C9CF1F9752B4}" coords="(0,0,60,60)"/>
          <events title="">
            <event eventType="atClick" isChecked="True">
              <behaviour title="" isChecked="True" isWait="False" isLoop="False" execMode="emSequence">
                <target targetID="CA78168D-FD7B-4B36-8F93-311C78D577A1" isChecked="True" isAutoRecovery="True" isLoop="False" execMode="emSequence">
                  <command name="Move" isChecked="True" descrition="">
                    <param name="AniInterpolation" value="1" varType="3" description=""/>
                    <param name="AniDuration" value="200" varType="3" description=""/>
                    <param name="AniAutoReverse" value="False" varType="11" description=""/>
                    <param name="AniLoop" value="False" varType="11" description=""/>
                    <param name="AniInterpolationTypeOut" value="False" varType="11" description=""/>
                    <param name="Delay" value="0" varType="3" description=""/>
                    <param name="MoveMode" value="0" varType="3" description=""/>
                    <param name="ValueFromCurrent" value="True" varType="11" description=""/>
                    <param name="FromX" value="0" varType="3" description=""/>
                    <param name="FromY" value="0" varType="3" description=""/>
                    <param name="ToX" value="0" varType="3" description=""/>
                    <param name="ToY" value="0" varType="3" description=""/>
                    <param name="ByX" value="0" varType="256" description=""/>
                    <param name="ByY" value="-50" varType="256" description=""/>
                    <param name="TerminateLoopByClick" value="True" varType="11" description=""/>
                    <param name="MovePlaceVert" value="3" varType="3" description=""/>
                    <param name="MovePlaceHori" value="1" varType="3" description=""/>
                  </command>
                </target>
                <target targetID="4D4A9595-2750-4A30-86B7-359B5CBC38CB" isChecked="True" isAutoRecovery="True" isLoop="False" execMode="emSequence">
                  <command name="Change Visibility" isChecked="True" descrition="">
                    <param name="AniInterpolation" value="1" varType="3" description=""/>
                    <param name="AniDuration" value="200" varType="3" description=""/>
                    <param name="AniAutoReverse" value="False" varType="11" description=""/>
                    <param name="AniLoop" value="False" varType="11" description=""/>
                    <param name="AniInterpolationTypeOut" value="False" varType="11" description=""/>
                    <param name="Delay" value="0" varType="3" description=""/>
                    <param name="ValueFromCurrent" value="True" varType="11" description=""/>
                    <param name="ForceFromInitValue" value="False" varType="11" description=""/>
                    <param name="ForceSetVisible" value="False" varType="11" description=""/>
                    <param name="Value" value="2" varType="3" description=""/>
                    <param name="TerminateLoopByClick" value="True" varType="11" description=""/>
                  </command>
                </target>
              </behaviour>
            </event>
          </events>
        </entry>
      </interactiveData>
      <font family="Segoe+UI" displayName="Segoe+UI" postScript="" weightStyle="%D0%9E%D0%B1%D1%8B%D1%87%D0%BD%D1%8B%D0%B9" weight="400" isBold="False" isItalic="False"/>
      <textSize>14</textSize>
      <lineSpacing>0</lineSpacing>
      <selectedIndex>-1</selectedIndex>
      <placeHolder>%D0%9F%D0%BE%D0%B2%D1%96%D0%B4%D0%BE%D0%BC%D0%BB%D0%B5%D0%BD%D0%BD%D1%8F</placeHolder>
    </control>
    <control controlID="CA78168D-FD7B-4B36-8F93-311C78D577A1" controlTypeID="Button" x="196" y="398" w="147" h="48" zOrder="16">
      <isShow>False</isShow>
      <color>4284900966</color>
      <borderColor>4294967295</borderColor>
      <borderVisible>False</borderVisible>
      <font family="Segoe+UI" displayName="Segoe+UI" postScript="" weightStyle="%D0%9E%D0%B1%D1%8B%D1%87%D0%BD%D1%8B%D0%B9" weight="400" isBold="False" isItalic="False" useDefaultFontFamily="False"/>
      <text>%D0%9D%D0%B0%D0%BF%D0%B8%D1%88%D1%96%D1%82%D1%8C+%D0%BD%D0%B0%D0%B7%D0%B2%D1%83+%D0%BD%D0%BE%D0%B2%D0%BE%D1%97+%D0%BA%D0%B0%D1%82%D0%B5%D0%B3%D0%BE%D1%80%D1%96%D1%97</text>
      <textColor>4294967295</textColor>
      <lineSpacing>0</lineSpacing>
      <useDefaultTextSize>False</useDefaultTextSize>
      <selectedIndex>-1</selectedIndex>
      <radius>10</radius>
    </control>
    <control controlID="4D4A9595-2750-4A30-86B7-359B5CBC38CB" controlTypeID="Button" x="196" y="398" w="147" h="48" zOrder="17">
      <isShow>False</isShow>
      <color>4284900966</color>
      <borderColor>4294967295</borderColor>
      <borderVisible>False</borderVisible>
      <font family="Segoe+UI" displayName="Segoe+UI" postScript="" weightStyle="%D0%9E%D0%B1%D1%8B%D1%87%D0%BD%D1%8B%D0%B9" weight="400" isBold="False" isItalic="False" useDefaultFontFamily="False"/>
      <text>%D0%9A%D0%B0%D1%82%D0%B5%D0%B3%D0%BE%D1%80%D1%96%D1%8F+%D0%A5+%D0%B4%D0%BE%D0%B4%D0%B0%D0%BD%D0%B0.</text>
      <textColor>4294967295</textColor>
      <lineSpacing>0</lineSpacing>
      <useDefaultTextSize>False</useDefaultTextSize>
      <selectedIndex>-1</selectedIndex>
      <radius>10</radius>
    </control>
    <control controlID="8103D2E6-829D-4FFB-806F-0CCF3C29A74D" controlTypeID="Button" x="10" y="243" w="147" h="48" zOrder="18">
      <isShow>False</isShow>
      <color>4284900966</color>
      <borderColor>4294967295</borderColor>
      <borderVisible>False</borderVisible>
      <font family="Segoe+UI" displayName="Segoe+UI" postScript="" weightStyle="%D0%9E%D0%B1%D1%8B%D1%87%D0%BD%D1%8B%D0%B9" weight="400" isBold="False" isItalic="False" useDefaultFontFamily="False"/>
      <text>%D0%92%D0%B8%D0%B1%D0%B5%D1%80%D1%96%D1%82%D1%8C+%D0%BA%D0%B0%D1%82%D0%B5%D0%B3%D0%BE%D1%80%D1%96%D1%8E+%D0%B4%D0%BB%D1%8F+%D0%B7%D0%BC%D1%96%D0%BD%D0%B8</text>
      <textColor>4294967295</textColor>
      <lineSpacing>0</lineSpacing>
      <useDefaultTextSize>False</useDefaultTextSize>
      <selectedIndex>-1</selectedIndex>
      <radius>10</radius>
    </control>
    <control controlID="C5D4F0E0-1118-43A0-A2D6-4B59AA43A203" controlTypeID="Button" x="10" y="243" w="147" h="48" zOrder="19">
      <isShow>False</isShow>
      <color>4284900966</color>
      <borderColor>4294967295</borderColor>
      <borderVisible>False</borderVisible>
      <font family="Segoe+UI" displayName="Segoe+UI" postScript="" weightStyle="%D0%9E%D0%B1%D1%8B%D1%87%D0%BD%D1%8B%D0%B9" weight="400" isBold="False" isItalic="False" useDefaultFontFamily="False"/>
      <text>%D0%92%D0%B8%D0%B1%D0%B5%D1%80%D1%96%D1%82%D1%8C+%D0%BA%D0%B0%D1%82%D0%B5%D0%B3%D0%BE%D1%80%D1%96%D1%8E+%D0%B4%D0%BB%D1%8F+%D0%B2%D0%B8%D0%B4%D0%B0%D0%BB%D0%B5%D0%BD%D0%BD%D1%8F</text>
      <textColor>4294967295</textColor>
      <lineSpacing>0</lineSpacing>
      <useDefaultTextSize>False</useDefaultTextSize>
      <selectedIndex>-1</selectedIndex>
      <radius>10</radius>
    </control>
    <control controlID="6143FEE3-3A2D-43E7-B577-ED06D68D79C0" controlTypeID="ScrollView" x="0" y="314" w="360" h="148" zOrder="20">
      <isShow>False</isShow>
      <groupChildrenDescriptors>
        <control controlID="DD49924D-6F67-4488-8F59-303F8A8705D8" controlTypeID="ScrollViewContentPanel" x="0" y="0" w="370" h="305" zOrder="0">
          <alias>contentPanel</alias>
          <groupChildrenDescriptors>
            <control controlID="C6A69795-EB72-4068-9443-4F5946C2BB53" controlTypeID="TableView" x="0" y="5" w="360" h="300" zOrder="0">
              <links eventType="AtClick" animate="AmNone" animateAutoDelay="0" animateDuration="500">
                <link targetPageID="D7011A0C-1BF3-479C-9728-CFA0A5E4EA92" linkType="ltPageLink" isApplyIncludePage="False" title="%D0%9A%D0%B0%D1%82%D0%B5%D0%B3%D0%BE%D1%80%D1%96%D1%8F+1+">
                  <area shape="0" alt="" ID="{A9280135-222E-45C5-97A9-697BCB4EAA80}" coords="(1,1,359,37)"/>
                </link>
                <link targetPageID="D7011A0C-1BF3-479C-9728-CFA0A5E4EA92" linkType="ltPageLink" isApplyIncludePage="False" title="%D0%9A%D0%B0%D1%82%D0%B5%D0%B3%D0%BE%D1%80%D1%96%D1%8F+2">
                  <area shape="0" alt="" ID="{8B077C8F-59D4-4483-AD6F-A626B5539BC9}" coords="(1,37,359,73)"/>
                </link>
                <link targetPageID="D7011A0C-1BF3-479C-9728-CFA0A5E4EA92" linkType="ltPageLink" isApplyIncludePage="False" title="%D0%9A%D0%B0%D1%82%D0%B5%D0%B3%D0%BE%D1%80%D1%96%D1%8F+3+">
                  <area shape="0" alt="" ID="{D1C94E38-3FE0-4FAD-A683-3D11753C6A59}" coords="(1,73,359,109)"/>
                </link>
                <link targetPageID="D7011A0C-1BF3-479C-9728-CFA0A5E4EA92" linkType="ltPageLink" isApplyIncludePage="False" title="%D0%9A%D0%B0%D1%82%D0%B5%D0%B3%D0%BE%D1%80%D1%96%D1%8F+4+">
                  <area shape="0" alt="" ID="{2AA4F784-C9DC-42F1-890B-0C137958744C}" coords="(1,109,359,145)"/>
                </link>
                <link targetPageID="" linkType="ltPageLink" isApplyIncludePage="False" title="%D0%9A%D0%B0%D1%82%D0%B5%D0%B3%D0%BE%D1%80%D1%96%D1%8F+5+">
                  <area shape="0" alt="" ID="{295B141A-F59A-463D-B1E1-280ED058BDCA}" coords="(1,145,359,181)"/>
                </link>
                <link targetPageID="" linkType="ltPageLink" isApplyIncludePage="False" title="%D0%9A%D0%B0%D1%82%D0%B5%D0%B3%D0%BE%D1%80%D1%96%D1%8F+6+">
                  <area shape="0" alt="" ID="{7AC73993-F66B-4DCF-935C-6CBECACEADF0}" coords="(1,181,359,217)"/>
                </link>
                <link targetPageID="" linkType="ltPageLink" isApplyIncludePage="False" title="%D0%9A%D0%B0%D1%82%D0%B5%D0%B3%D0%BE%D1%80%D1%96%D1%8F+7+">
                  <area shape="0" alt="" ID="{44E415B7-0B00-477C-9B28-433ED1BE16FC}" coords="(1,217,359,253)"/>
                </link>
                <link targetPageID="" linkType="ltPageLink" isApplyIncludePage="False" title="%D0%9A%D0%B0%D1%82%D0%B5%D0%B3%D0%BE%D1%80%D1%96%D1%8F+8+">
                  <area shape="0" alt="" ID="{BE068037-F4AA-4B17-B089-1BDA75A7B491}" coords="(1,253,359,289)"/>
                </link>
                <link targetPageID="" linkType="ltPageLink" isApplyIncludePage="False" title="%D0%9A%D0%B0%D1%82%D0%B5%D0%B3%D0%BE%D1%80%D1%96%D1%8F+9">
                  <area shape="0" alt="" ID="{5D482A61-A6B4-4579-92F8-B05EF6240742}" coords="(1,289,359,300)"/>
                </link>
                <link targetPageID="" linkType="ltPageLink" isApplyIncludePage="False" title="%D0%9A%D0%B0%D1%82%D0%B5%D0%B3%D0%BE%D1%80%D1%96%D1%8F+10+">
                  <area shape="0" alt="" ID="{EFB6C4AE-4320-47BA-AC13-BAEBB04B527E}" coords="(0,0,0,0)"/>
                </link>
              </links>
              <interactiveData>
                <entry title="%D0%9A%D0%B0%D1%82%D0%B5%D0%B3%D0%BE%D1%80%D1%96%D1%8F+1+">
                  <area shape="0" alt="" ID="{96C23F72-5440-43A0-9BBB-24E6867CF13B}" coords="(1,1,359,37)"/>
                  <events title=""/>
                </entry>
                <entry title="%D0%9A%D0%B0%D1%82%D0%B5%D0%B3%D0%BE%D1%80%D1%96%D1%8F+2">
                  <area shape="0" alt="" ID="{84FB8282-F8CD-4CFA-90E7-B743FAD03E1C}" coords="(1,37,359,73)"/>
                  <events title=""/>
                </entry>
                <entry title="%D0%9A%D0%B0%D1%82%D0%B5%D0%B3%D0%BE%D1%80%D1%96%D1%8F+3+">
                  <area shape="0" alt="" ID="{4FB92CA0-7651-4AB6-A540-1F79C018F401}" coords="(1,73,359,109)"/>
                  <events title=""/>
                </entry>
                <entry title="%D0%9A%D0%B0%D1%82%D0%B5%D0%B3%D0%BE%D1%80%D1%96%D1%8F+4+">
                  <area shape="0" alt="" ID="{7C090366-BAE5-41D7-A143-BAD654B54B2E}" coords="(1,109,359,145)"/>
                  <events title=""/>
                </entry>
                <entry title="%D0%9A%D0%B0%D1%82%D0%B5%D0%B3%D0%BE%D1%80%D1%96%D1%8F+5+">
                  <area shape="0" alt="" ID="{5D671518-6156-47CD-BFE6-41A0BEA2C389}" coords="(1,145,359,181)"/>
                  <events title="">
                    <event eventType="atClick" isChecked="True">
                      <behaviour title="" isChecked="True" isWait="False" isLoop="False" execMode="emParallel">
                        <target targetID="6143FEE3-3A2D-43E7-B577-ED06D68D79C0" isChecked="True" isAutoRecovery="False" isLoop="False" execMode="emSequence">
                          <command name="Change Visibility" isChecked="True" descrition="">
                            <param name="AniInterpolation" value="1" varType="3" description=""/>
                            <param name="AniDuration" value="200" varType="3" description=""/>
                            <param name="AniAutoReverse" value="False" varType="11" description=""/>
                            <param name="AniLoop" value="False" varType="11" description=""/>
                            <param name="AniInterpolationTypeOut" value="False" varType="11" description=""/>
                            <param name="Delay" value="0" varType="3" description=""/>
                            <param name="ValueFromCurrent" value="True" varType="11" description=""/>
                            <param name="ForceFromInitValue" value="False" varType="11" description=""/>
                            <param name="ForceSetVisible" value="False" varType="11" description=""/>
                            <param name="Value" value="1" varType="3" description=""/>
                            <param name="TerminateLoopByClick" value="True" varType="11" description=""/>
                          </command>
                        </target>
                        <target targetID="C6A69795-EB72-4068-9443-4F5946C2BB53" IsNeedReplaceAsSelfID="True" isChecked="True" isAutoRecovery="False" isLoop="False" execMode="emSequence">
                          <command name="Change Visibility" isChecked="True" descrition="">
                            <param name="AniInterpolation" value="1" varType="3" description=""/>
                            <param name="AniDuration" value="200" varType="3" description=""/>
                            <param name="AniAutoReverse" value="False" varType="11" description=""/>
                            <param name="AniLoop" value="False" varType="11" description=""/>
                            <param name="AniInterpolationTypeOut" value="False" varType="11" description=""/>
                            <param name="Delay" value="0" varType="3" description=""/>
                            <param name="ValueFromCurrent" value="True" varType="11" description=""/>
                            <param name="ForceFromInitValue" value="False" varType="11" description=""/>
                            <param name="ForceSetVisible" value="False" varType="11" description=""/>
                            <param name="Value" value="1" varType="3" description=""/>
                            <param name="TerminateLoopByClick" value="True" varType="11" description=""/>
                          </command>
                        </target>
                        <target targetID="81D034DB-03F4-455E-8796-87190F8D9BE5" isChecked="True" isAutoRecovery="False" isLoop="False" execMode="emSequence">
                          <command name="Change Visibility" isChecked="True" descrition="">
                            <param name="AniInterpolation" value="1" varType="3" description=""/>
                            <param name="AniDuration" value="200" varType="3" description=""/>
                            <param name="AniAutoReverse" value="False" varType="11" description=""/>
                            <param name="AniLoop" value="False" varType="11" description=""/>
                            <param name="AniInterpolationTypeOut" value="False" varType="11" description=""/>
                            <param name="Delay" value="0" varType="3" description=""/>
                            <param name="ValueFromCurrent" value="True" varType="11" description=""/>
                            <param name="ForceFromInitValue" value="False" varType="11" description=""/>
                            <param name="ForceSetVisible" value="False" varType="11" description=""/>
                            <param name="Value" value="0" varType="3" description=""/>
                            <param name="TerminateLoopByClick" value="True" varType="11" description=""/>
                          </command>
                        </target>
                      </behaviour>
                    </event>
                  </events>
                </entry>
                <entry title="%D0%9A%D0%B0%D1%82%D0%B5%D0%B3%D0%BE%D1%80%D1%96%D1%8F+6+">
                  <area shape="0" alt="" ID="{311FF839-7375-437C-9045-8EF5531473CC}" coords="(1,181,359,217)"/>
                  <events title="">
                    <event eventType="atClick" isChecked="True">
                      <behaviour title="" isChecked="True" isWait="False" isLoop="False" execMode="emParallel">
                        <target targetID="6143FEE3-3A2D-43E7-B577-ED06D68D79C0" isChecked="True" isAutoRecovery="False" isLoop="False" execMode="emSequence">
                          <command name="Change Visibility" isChecked="True" descrition="">
                            <param name="AniInterpolation" value="1" varType="3" description=""/>
                            <param name="AniDuration" value="200" varType="3" description=""/>
                            <param name="AniAutoReverse" value="False" varType="11" description=""/>
                            <param name="AniLoop" value="False" varType="11" description=""/>
                            <param name="AniInterpolationTypeOut" value="False" varType="11" description=""/>
                            <param name="Delay" value="0" varType="3" description=""/>
                            <param name="ValueFromCurrent" value="True" varType="11" description=""/>
                            <param name="ForceFromInitValue" value="False" varType="11" description=""/>
                            <param name="ForceSetVisible" value="False" varType="11" description=""/>
                            <param name="Value" value="1" varType="3" description=""/>
                            <param name="TerminateLoopByClick" value="True" varType="11" description=""/>
                          </command>
                        </target>
                        <target targetID="C6A69795-EB72-4068-9443-4F5946C2BB53" IsNeedReplaceAsSelfID="True" isChecked="True" isAutoRecovery="False" isLoop="False" execMode="emSequence">
                          <command name="Change Visibility" isChecked="True" descrition="">
                            <param name="AniInterpolation" value="1" varType="3" description=""/>
                            <param name="AniDuration" value="200" varType="3" description=""/>
                            <param name="AniAutoReverse" value="False" varType="11" description=""/>
                            <param name="AniLoop" value="False" varType="11" description=""/>
                            <param name="AniInterpolationTypeOut" value="False" varType="11" description=""/>
                            <param name="Delay" value="0" varType="3" description=""/>
                            <param name="ValueFromCurrent" value="True" varType="11" description=""/>
                            <param name="ForceFromInitValue" value="False" varType="11" description=""/>
                            <param name="ForceSetVisible" value="False" varType="11" description=""/>
                            <param name="Value" value="1" varType="3" description=""/>
                            <param name="TerminateLoopByClick" value="True" varType="11" description=""/>
                          </command>
                        </target>
                        <target targetID="81D034DB-03F4-455E-8796-87190F8D9BE5" isChecked="True" isAutoRecovery="False" isLoop="False" execMode="emSequence">
                          <command name="Change Visibility" isChecked="True" descrition="">
                            <param name="AniInterpolation" value="1" varType="3" description=""/>
                            <param name="AniDuration" value="200" varType="3" description=""/>
                            <param name="AniAutoReverse" value="False" varType="11" description=""/>
                            <param name="AniLoop" value="False" varType="11" description=""/>
                            <param name="AniInterpolationTypeOut" value="False" varType="11" description=""/>
                            <param name="Delay" value="0" varType="3" description=""/>
                            <param name="ValueFromCurrent" value="True" varType="11" description=""/>
                            <param name="ForceFromInitValue" value="False" varType="11" description=""/>
                            <param name="ForceSetVisible" value="False" varType="11" description=""/>
                            <param name="Value" value="0" varType="3" description=""/>
                            <param name="TerminateLoopByClick" value="True" varType="11" description=""/>
                          </command>
                        </target>
                      </behaviour>
                    </event>
                  </events>
                </entry>
                <entry title="%D0%9A%D0%B0%D1%82%D0%B5%D0%B3%D0%BE%D1%80%D1%96%D1%8F+7+">
                  <area shape="0" alt="" ID="{692046D7-A877-4473-80AB-3806E88C5299}" coords="(1,217,359,253)"/>
                  <events title="">
                    <event eventType="atClick" isChecked="True">
                      <behaviour title="" isChecked="True" isWait="False" isLoop="False" execMode="emParallel">
                        <target targetID="81D034DB-03F4-455E-8796-87190F8D9BE5" isChecked="True" isAutoRecovery="False" isLoop="False" execMode="emSequence">
                          <command name="Change Visibility" isChecked="True" descrition="">
                            <param name="AniInterpolation" value="1" varType="3" description=""/>
                            <param name="AniDuration" value="200" varType="3" description=""/>
                            <param name="AniAutoReverse" value="False" varType="11" description=""/>
                            <param name="AniLoop" value="False" varType="11" description=""/>
                            <param name="AniInterpolationTypeOut" value="False" varType="11" description=""/>
                            <param name="Delay" value="0" varType="3" description=""/>
                            <param name="ValueFromCurrent" value="True" varType="11" description=""/>
                            <param name="ForceFromInitValue" value="False" varType="11" description=""/>
                            <param name="ForceSetVisible" value="False" varType="11" description=""/>
                            <param name="Value" value="0" varType="3" description=""/>
                            <param name="TerminateLoopByClick" value="True" varType="11" description=""/>
                          </command>
                        </target>
                        <target targetID="6143FEE3-3A2D-43E7-B577-ED06D68D79C0" isChecked="True" isAutoRecovery="False" isLoop="False" execMode="emSequence">
                          <command name="Change Visibility" isChecked="True" descrition="">
                            <param name="AniInterpolation" value="1" varType="3" description=""/>
                            <param name="AniDuration" value="200" varType="3" description=""/>
                            <param name="AniAutoReverse" value="False" varType="11" description=""/>
                            <param name="AniLoop" value="False" varType="11" description=""/>
                            <param name="AniInterpolationTypeOut" value="False" varType="11" description=""/>
                            <param name="Delay" value="0" varType="3" description=""/>
                            <param name="ValueFromCurrent" value="True" varType="11" description=""/>
                            <param name="ForceFromInitValue" value="False" varType="11" description=""/>
                            <param name="ForceSetVisible" value="False" varType="11" description=""/>
                            <param name="Value" value="1" varType="3" description=""/>
                            <param name="TerminateLoopByClick" value="True" varType="11" description=""/>
                          </command>
                        </target>
                        <target targetID="C6A69795-EB72-4068-9443-4F5946C2BB53" IsNeedReplaceAsSelfID="True" isChecked="True" isAutoRecovery="False" isLoop="False" execMode="emSequence">
                          <command name="Change Visibility" isChecked="True" descrition="">
                            <param name="AniInterpolation" value="1" varType="3" description=""/>
                            <param name="AniDuration" value="200" varType="3" description=""/>
                            <param name="AniAutoReverse" value="False" varType="11" description=""/>
                            <param name="AniLoop" value="False" varType="11" description=""/>
                            <param name="AniInterpolationTypeOut" value="False" varType="11" description=""/>
                            <param name="Delay" value="0" varType="3" description=""/>
                            <param name="ValueFromCurrent" value="True" varType="11" description=""/>
                            <param name="ForceFromInitValue" value="False" varType="11" description=""/>
                            <param name="ForceSetVisible" value="False" varType="11" description=""/>
                            <param name="Value" value="1" varType="3" description=""/>
                            <param name="TerminateLoopByClick" value="True" varType="11" description=""/>
                          </command>
                        </target>
                      </behaviour>
                    </event>
                  </events>
                </entry>
                <entry title="%D0%9A%D0%B0%D1%82%D0%B5%D0%B3%D0%BE%D1%80%D1%96%D1%8F+8+">
                  <area shape="0" alt="" ID="{DA36ED97-495E-4303-BF44-153089163DD8}" coords="(1,253,359,289)"/>
                  <events title=""/>
                </entry>
                <entry title="%D0%9A%D0%B0%D1%82%D0%B5%D0%B3%D0%BE%D1%80%D1%96%D1%8F+9">
                  <area shape="0" alt="" ID="{E776FDE0-D7AE-4C88-BF21-0D5DE774AA25}" coords="(1,289,359,300)"/>
                  <events title=""/>
                </entry>
                <entry title="%D0%9A%D0%B0%D1%82%D0%B5%D0%B3%D0%BE%D1%80%D1%96%D1%8F+10+">
                  <area shape="0" alt="" ID="{9DF46FBE-A435-412E-B638-D3ABE5CC8448}" coords="(0,0,0,0)"/>
                  <events title=""/>
                </entry>
              </interactiveData>
              <font family="Segoe+UI" displayName="Segoe+UI" postScript="" weightStyle="%D0%9E%D0%B1%D1%8B%D1%87%D0%BD%D1%8B%D0%B9" weight="400" isBold="False" isItalic="False"/>
              <text>%D0%9A%D0%B0%D1%82%D0%B5%D0%B3%D0%BE%D1%80%D1%96%D1%8F+1+%0D%0A%D0%9A%D0%B0%D1%82%D0%B5%D0%B3%D0%BE%D1%80%D1%96%D1%8F+2%0D%0A%D0%9A%D0%B0%D1%82%D0%B5%D0%B3%D0%BE%D1%80%D1%96%D1%8F+3+%0D%0A%D0%9A%D0%B0%D1%82%D0%B5%D0%B3%D0%BE%D1%80%D1%96%D1%8F+4+%0D%0A%D0%9A%D0%B0%D1%82%D0%B5%D0%B3%D0%BE%D1%80%D1%96%D1%8F+5+%0D%0A%D0%9A%D0%B0%D1%82%D0%B5%D0%B3%D0%BE%D1%80%D1%96%D1%8F+6+%0D%0A%D0%9A%D0%B0%D1%82%D0%B5%D0%B3%D0%BE%D1%80%D1%96%D1%8F+7+%0D%0A%D0%9A%D0%B0%D1%82%D0%B5%D0%B3%D0%BE%D1%80%D1%96%D1%8F+8+%0D%0A%D0%9A%D0%B0%D1%82%D0%B5%D0%B3%D0%BE%D1%80%D1%96%D1%8F+9%0D%0A%D0%9A%D0%B0%D1%82%D0%B5%D0%B3%D0%BE%D1%80%D1%96%D1%8F+10+%0D%0A</text>
              <textSize>14</textSize>
              <lineSpacing>0</lineSpacing>
            </control>
          </groupChildrenDescriptors>
        </control>
        <control controlID="EFD25BE7-1E1D-4708-BC7B-44D09A366001" controlTypeID="Border" x="0" y="0" w="360" h="148" zOrder="1">
          <color>4284900966</color>
          <borderColor>4278190080</borderColor>
          <alias>borderLayer</alias>
        </control>
      </groupChildrenDescriptors>
    </control>
    <control controlID="81D034DB-03F4-455E-8796-87190F8D9BE5" controlTypeID="Button" x="196" y="398" w="147" h="48" zOrder="21">
      <isShow>False</isShow>
      <caption>%D0%BA%D0%B0%D1%82%D0%B5%D0%B3%D0%BE%D1%80%D1%96%D1%8F+%D0%B2%D0%B8%D0%B4%D0%B0%D0%BB%D0%B5%D0%BD%D0%B0</caption>
      <color>4284900966</color>
      <borderColor>4294967295</borderColor>
      <borderVisible>False</borderVisible>
      <font family="Segoe+UI" displayName="Segoe+UI" postScript="" weightStyle="%D0%9E%D0%B1%D1%8B%D1%87%D0%BD%D1%8B%D0%B9" weight="400" isBold="False" isItalic="False" useDefaultFontFamily="False"/>
      <text>%D0%9A%D0%B0%D1%82%D0%B5%D0%B3%D0%BE%D1%80%D1%96%D1%8F+%D0%B2%D0%B8%D0%B4%D0%B0%D0%BB%D0%B5%D0%BD%D0%B0</text>
      <textColor>4294967295</textColor>
      <lineSpacing>0</lineSpacing>
      <useDefaultTextSize>False</useDefaultTextSize>
      <selectedIndex>-1</selectedIndex>
      <radius>10</radius>
    </control>
  </controls>
  <param>
    <backgroundColor>4279183437</backgroundColor>
    <fontSize>14</fontSize>
    <fontFamily>Segoe+UI</fontFamily>
    <guideLines/>
  </param>
</mockup>