﻿<mockup version="5.3" minAllowVersion="5.3" ID="DE0646F3-0086-4E90-B235-1EDC91E09625" platform="MtMobile" defaultW="360" defaultH="640" measureW="360" measureH="640" screenOrientation="MoPortrait" mobileScreenScale="1.77777779102325" clipArea="(0,0,0,0)">
  <controls controlCount="17">
    <control controlID="0BCAAFBC-2C6E-4DD0-BDB6-36CE03D1B229" controlTypeID="Shape" x="0" y="519" w="360" h="124" zOrder="0">
      <color>4290888129</color>
      <borderColor>4288256409</borderColor>
      <font family="Segoe+UI" displayName="Segoe+UI" postScript="" weightStyle="%D0%9E%D0%B1%D1%8B%D1%87%D0%BD%D1%8B%D0%B9" weight="400" isBold="False" isItalic="False" useDefaultFontFamily="False"/>
      <textColor>4294967295</textColor>
      <selectedIndex>-1</selectedIndex>
      <dashMode>SdDash</dashMode>
      <borderMode>[bmRight,bmBottom]</borderMode>
      <radius>8</radius>
    </control>
    <control controlID="C3BD8BB6-9309-40D3-A3DC-1D132A171888" controlTypeID="Shape" x="0" y="456" w="360" h="63" zOrder="1">
      <font family="Segoe+UI" displayName="Segoe+UI" postScript="" weightStyle="%D0%9E%D0%B1%D1%8B%D1%87%D0%BD%D1%8B%D0%B9" weight="400" isBold="False" isItalic="False"/>
      <textSize>14</textSize>
      <selectedIndex>-1</selectedIndex>
    </control>
    <control controlID="5C806B00-9EED-42F1-81D7-2134C0475B22" controlTypeID="Icon" x="20" y="472" w="32" h="32" zOrder="2">
      <icon>
        <ID/>
        <iconFontName>jdIcoFont</iconFontName>
        <iconCode>59270</iconCode>
      </icon>
      <URL>ED3EBA099F8499F3DD0DEA6F8C141DA7.svg</URL>
    </control>
    <control controlID="7A7F5402-D7A3-4616-B504-1463295A0073" controlTypeID="Icon" x="279" y="473" w="30" h="30" zOrder="3">
      <icon>
        <ID/>
        <iconFontName>jdIonicons</iconFontName>
        <iconCode>62311</iconCode>
      </icon>
      <URL>112EE2F1122E853B6A7454D88207E9C6.svg</URL>
    </control>
    <control controlID="647EA531-CA99-4FE5-B09E-60E5D2F947C8" controlTypeID="Icon" x="319" y="474" w="28" h="28" zOrder="4">
      <icon>
        <ID/>
        <iconFontName>jdIonicons</iconFontName>
        <iconCode>62188</iconCode>
      </icon>
      <URL>6F1E26DA3F4DA7A720AD334E97A085AC.svg</URL>
    </control>
    <control controlID="096F0916-570B-474B-897D-134391045F13" controlTypeID="Shape" x="24" y="529" w="147" h="44" zOrder="5">
      <color>4288256409</color>
      <borderColor>4288256409</borderColor>
      <links eventType="AtClick" animate="AmNone" animateAutoDelay="0" animateDuration="500">
        <link targetPageID="4F10940C-27C1-4EEF-8DBD-9BF373C9C1E0" linkType="ltPageLink" isApplyIncludePage="False" title="%D0%A1%D1%8C%D0%BE%D0%B3%D0%BE%D0%B4%D0%BD%D1%96">
          <area shape="0" alt="" ID="{80517D48-B7E6-4986-8DB8-2559D6BEECB5}" coords="(0,0,147,44)"/>
        </link>
      </links>
      <font family="Segoe+UI" displayName="Segoe+UI" postScript="" weightStyle="%D0%9E%D0%B1%D1%8B%D1%87%D0%BD%D1%8B%D0%B9" weight="400" isBold="False" isItalic="False"/>
      <text>%D0%A1%D1%8C%D0%BE%D0%B3%D0%BE%D0%B4%D0%BD%D1%96</text>
      <textColor>4281545523</textColor>
      <textSize>14</textSize>
      <selectedIndex>-1</selectedIndex>
    </control>
    <control controlID="99A3332C-7365-414F-AA80-7C28D38DC062" controlTypeID="Shape" x="186" y="529" w="161" h="44" zOrder="6">
      <color>4288256409</color>
      <borderColor>4288256409</borderColor>
      <links eventType="AtClick" animate="AmNone" animateAutoDelay="0" animateDuration="500">
        <link targetPageID="DC86D519-0E0C-454D-A308-1BD80B791050" linkType="ltPageLink" isApplyIncludePage="False" title="%D0%A6%D1%8C%D0%BE%D0%B3%D0%BE+%D1%82%D0%B8%D0%B6%D0%BD%D1%8F">
          <area shape="0" alt="" ID="{3E086537-F897-4F01-AC84-8E3078FFDA6C}" coords="(0,0,161,44)"/>
        </link>
      </links>
      <font family="Segoe+UI" displayName="Segoe+UI" postScript="" weightStyle="%D0%9E%D0%B1%D1%8B%D1%87%D0%BD%D1%8B%D0%B9" weight="400" isBold="False" isItalic="False"/>
      <text>%D0%A6%D1%8C%D0%BE%D0%B3%D0%BE+%D1%82%D0%B8%D0%B6%D0%BD%D1%8F</text>
      <textColor>4281545523</textColor>
      <textSize>14</textSize>
      <selectedIndex>-1</selectedIndex>
    </control>
    <control controlID="46D013BA-A336-4BB0-B4D0-A52FFBA003DE" controlTypeID="TextField" x="62" y="463" w="207" h="39" zOrder="7">
      <font family="Segoe+UI" displayName="Segoe+UI" postScript="" weightStyle="%D0%9E%D0%B1%D1%8B%D1%87%D0%BD%D1%8B%D0%B9" weight="400" isBold="False" isItalic="False"/>
      <textSize>14</textSize>
      <lineSpacing>0</lineSpacing>
      <selectedIndex>-1</selectedIndex>
      <showIcon>False</showIcon>
      <placeHolder>%D0%9F%D0%BE%D0%B2%D1%96%D0%B4%D0%BE%D0%BC%D0%BB%D0%B5%D0%BD%D0%BD%D1%8F</placeHolder>
    </control>
    <control controlID="976EDF94-6515-4A6F-9C6E-30CD9A17E21D" controlTypeID="Shape" x="24" y="589" w="147" h="44" zOrder="8">
      <color>4288256409</color>
      <borderColor>4288256409</borderColor>
      <links eventType="AtClick" animate="AmNone" animateAutoDelay="0" animateDuration="500">
        <link targetPageID="6E7AB971-8E95-4237-8A0E-D467BD8DFCC0" linkType="ltPageLink" isApplyIncludePage="False" title="%D0%A6%D1%8C%D0%BE%D0%B3%D0%BE+%D0%BC%D1%96%D1%81%D1%8F%D1%86%D1%8F">
          <area shape="0" alt="" ID="{98917E92-0EB9-49C3-8E1F-442C7E98887F}" coords="(0,0,147,44)"/>
        </link>
      </links>
      <font family="Segoe+UI" displayName="Segoe+UI" postScript="" weightStyle="%D0%9E%D0%B1%D1%8B%D1%87%D0%BD%D1%8B%D0%B9" weight="400" isBold="False" isItalic="False"/>
      <text>%D0%A6%D1%8C%D0%BE%D0%B3%D0%BE+%D0%BC%D1%96%D1%81%D1%8F%D1%86%D1%8F</text>
      <textColor>4281545523</textColor>
      <textSize>14</textSize>
      <selectedIndex>-1</selectedIndex>
    </control>
    <control controlID="7D63A175-BE5B-44A0-8B14-62A1792BC643" controlTypeID="Shape" x="0" y="0" w="360" h="74" zOrder="9">
      <color>4278203136</color>
      <font family="Segoe+UI" displayName="Segoe+UI" postScript="" weightStyle="%D0%9E%D0%B1%D1%8B%D1%87%D0%BD%D1%8B%D0%B9" weight="400" isBold="False" isItalic="False" useDefaultFontFamily="False"/>
      <textSize>14</textSize>
      <selectedIndex>-1</selectedIndex>
      <radius>8</radius>
    </control>
    <control controlID="FF02A107-E255-4D3B-AF90-E1090DAABF9C" controlTypeID="Icon" x="83" y="11" w="53" h="53" zOrder="10">
      <color>4294967295</color>
      <icon>
        <ID/>
        <iconFontName>jdiconfontA</iconFontName>
        <iconCode>59799</iconCode>
      </icon>
      <URL>E8F04F9040932570AC634F8D59D2388B.svg</URL>
    </control>
    <control controlID="310E1E6D-89A8-48C4-A7E1-AD9D02D2EC6A" controlTypeID="Icon" x="20" y="29" w="21" h="21" zOrder="11">
      <color>4294967295</color>
      <links eventType="AtClick" animate="AmNone" animateAutoDelay="0" animateDuration="500">
        <link targetPageID="8CCBDEA6-AF62-471E-91DD-98EB08905312" linkType="ltPageLink" isApplyIncludePage="False" title="%D0%92%D1%96%D0%B4%D1%81%D1%82%D0%B5%D0%B6%D1%83%D0%B2%D0%B0%D0%BD%D0%BD%D1%8F+%D0%B2%D0%B8%D1%82%D1%80%D0%B0%D1%82">
          <area shape="0" alt="" ID="{8AA1D701-58AC-4CC9-AEDC-6E01012CDC85}" coords="(0,0,21,21)"/>
        </link>
      </links>
      <icon>
        <ID/>
        <iconFontName>jdIonicons</iconFontName>
        <iconCode>62154</iconCode>
      </icon>
      <URL>D95E480717200F895E41DB6E5B869596.svg</URL>
    </control>
    <control controlID="726F63B4-4E4A-41C9-A873-02455B8E046D" controlTypeID="Label" x="146" y="11" w="77" h="27" zOrder="12">
      <color>16777215</color>
      <font family="Segoe+UI" displayName="Segoe+UI" postScript="" weightStyle="%D0%9E%D0%B1%D1%8B%D1%87%D0%BD%D1%8B%D0%B9" weight="400" isBold="False" isItalic="False"/>
      <text>WalletTB</text>
      <textColor>4294967295</textColor>
      <textSize>20</textSize>
      <lineSpacing>0</lineSpacing>
      <useDefaultTextSize>False</useDefaultTextSize>
      <selectedIndex>-1</selectedIndex>
    </control>
    <control controlID="5DC50982-760E-414F-ABD8-43CB85773057" controlTypeID="Label" x="146" y="38" w="20" h="18" zOrder="13">
      <font family="Segoe+UI" displayName="Segoe+UI" postScript="" weightStyle="%D0%9E%D0%B1%D1%8B%D1%87%D0%BD%D1%8B%D0%B9" weight="400" isBold="False" isItalic="False"/>
      <text>bot</text>
      <textColor>4294967295</textColor>
      <textSize>13</textSize>
      <lineSpacing>0</lineSpacing>
      <useDefaultTextSize>False</useDefaultTextSize>
      <selectedIndex>-1</selectedIndex>
    </control>
    <control controlID="6A368CB4-1852-4D59-83E5-B596C1643E25" controlTypeID="Button" x="19" y="322" w="147" h="48" zOrder="14">
      <color>4284900966</color>
      <borderColor>4294967295</borderColor>
      <borderVisible>False</borderVisible>
      <font family="Segoe+UI" displayName="Segoe+UI" postScript="" weightStyle="%D0%9E%D0%B1%D1%8B%D1%87%D0%BD%D1%8B%D0%B9" weight="400" isBold="False" isItalic="False" useDefaultFontFamily="False"/>
      <text>%2F%D0%86%D1%81%D1%82%D0%BE%D1%80%D1%96%D1%8F+%D0%B2%D0%B8%D1%82%D1%80%D0%B0%D1%82</text>
      <textColor>4294967295</textColor>
      <lineSpacing>0</lineSpacing>
      <useDefaultTextSize>False</useDefaultTextSize>
      <selectedIndex>-1</selectedIndex>
      <radius>10</radius>
    </control>
    <control controlID="D3761B24-E6EF-4573-B9C2-D732268CBB26" controlTypeID="Button" x="19" y="390" w="147" h="48" zOrder="15">
      <color>4284900966</color>
      <borderColor>4294967295</borderColor>
      <borderVisible>False</borderVisible>
      <font family="Segoe+UI" displayName="Segoe+UI" postScript="" weightStyle="%D0%9E%D0%B1%D1%8B%D1%87%D0%BD%D1%8B%D0%B9" weight="400" isBold="False" isItalic="False" useDefaultFontFamily="False"/>
      <text>%D0%92%D0%B8%D0%B1%D0%B5%D1%80%D1%96%D1%82%D1%8C+%D0%BF%D0%B5%D1%80%D1%96%D0%BE%D0%B4+%D1%87%D0%B0%D1%81%D1%83+%D0%B7%D0%B0+%D1%8F%D0%BA%D0%B8%D0%BC+%D1%88%D1%83%D0%BA%D0%B0%D1%82%D0%B8</text>
      <textColor>4294967295</textColor>
      <lineSpacing>0</lineSpacing>
      <useDefaultTextSize>False</useDefaultTextSize>
      <selectedIndex>-1</selectedIndex>
      <radius>10</radius>
    </control>
    <control controlID="1091CA14-A5D8-4891-A369-DC422C999DE3" controlTypeID="Shape" x="186" y="589" w="161" h="44" zOrder="16">
      <color>4288256409</color>
      <borderColor>4288256409</borderColor>
      <links eventType="AtClick" animate="AmNone" animateAutoDelay="0" animateDuration="500">
        <link targetPageID="8CCBDEA6-AF62-471E-91DD-98EB08905312" linkType="ltPageLink" isApplyIncludePage="False" title="%D0%92%D1%96%D0%B4%D1%81%D1%82%D0%B5%D0%B6%D1%83%D0%B2%D0%B0%D0%BD%D0%BD%D1%8F+%D0%B2%D0%B8%D1%82%D1%80%D0%B0%D1%82">
          <area shape="0" alt="" ID="{98917E92-0EB9-49C3-8E1F-442C7E98887F}" coords="(0,0,161,44)"/>
        </link>
      </links>
      <font family="Segoe+UI" displayName="Segoe+UI" postScript="" weightStyle="%D0%9E%D0%B1%D1%8B%D1%87%D0%BD%D1%8B%D0%B9" weight="400" isBold="False" isItalic="False"/>
      <text>%D0%9D%D0%B0%D0%B7%D0%B0%D0%B4</text>
      <textColor>4281545523</textColor>
      <textSize>14</textSize>
      <selectedIndex>-1</selectedIndex>
    </control>
  </controls>
  <param>
    <backgroundColor>4279183437</backgroundColor>
    <fontSize>14</fontSize>
    <fontFamily>Segoe+UI</fontFamily>
    <guideLines/>
  </param>
</mockup>