﻿<project version="2.9" name="Project" ID="C7025489-9093-42D0-835C-8528066A92C3">
  <params>
    <pageParam version="5.3" minAllowVersion="5.3"/>
    <projectParam version="2.9" minAllowVersion="2.9" platform="MtMobile" orientation="MoPortrait" mobileScreenScale="1.77777779102325" mobileType="mmtAndroid" pageSize="(360,640)" backgroundColor="4279183437" fontSize="14" fontFamily="Segoe UI" projectType="ptPersonalProject" isShowTitleIndex="False"/>
    <previewParam version="1.0"/>
    <colorParam version="1.0"/>
  </params>
  <pages>
    <page name="Home" ID="D1AECAD2-93B6-4BCA-8FCF-9B69903CD37D" expanded="True" code="VUnBnslLKS" thumbCode="XqAeaRMvDt" status="psWhite" isfolder="False" isshownode="True">
      <images>
        <image key="E8F04F9040932570AC634F8D59D2388B.svg"/>
        <image key="F0BDAC64E7EBA2A3D254960B288224AB.svg"/>
        <image key="112EE2F1122E853B6A7454D88207E9C6.svg"/>
        <image key="6F1E26DA3F4DA7A720AD334E97A085AC.svg"/>
        <image key="D95E480717200F895E41DB6E5B869596.svg"/>
        <image key="ED3EBA099F8499F3DD0DEA6F8C141DA7.svg"/>
      </images>
    </page>
    <page name="Внесення поповнення рахунку" ID="E4B48610-7B11-42E6-BF4F-7E9C2A89B373" expanded="True" status="psGreen" isfolder="True" isshownode="True">
      <page name="Внесення попвнення рахунку" ID="6229C1DE-40B5-4831-A89C-B47D0BF07219" expanded="True" code="WVDfYYzEyX" thumbCode="WVDfYYzEyX" status="psWhite" isfolder="False" isshownode="True">
        <images>
          <image key="E8F04F9040932570AC634F8D59D2388B.svg"/>
          <image key="F0BDAC64E7EBA2A3D254960B288224AB.svg"/>
          <image key="112EE2F1122E853B6A7454D88207E9C6.svg"/>
          <image key="6F1E26DA3F4DA7A720AD334E97A085AC.svg"/>
          <image key="D95E480717200F895E41DB6E5B869596.svg"/>
          <image key="ED3EBA099F8499F3DD0DEA6F8C141DA7.svg"/>
        </images>
      </page>
    </page>
    <page name="Відстежування витрат" ID="25D63195-1B75-4139-B267-7082F57D1B86" expanded="True" status="psGreen" isfolder="True" isshownode="True">
      <page name="Відстежування витрат" ID="8CCBDEA6-AF62-471E-91DD-98EB08905312" expanded="True" code="6589FpC8Xo" thumbCode="6589FpC8Xo" status="psWhite" isfolder="False" isshownode="True">
        <images>
          <image key="E8F04F9040932570AC634F8D59D2388B.svg"/>
          <image key="6F1E26DA3F4DA7A720AD334E97A085AC.svg"/>
          <image key="112EE2F1122E853B6A7454D88207E9C6.svg"/>
          <image key="D95E480717200F895E41DB6E5B869596.svg"/>
          <image key="ED3EBA099F8499F3DD0DEA6F8C141DA7.svg"/>
        </images>
        <page name="Історія" ID="DE0646F3-0086-4E90-B235-1EDC91E09625" expanded="True" code="bF43lvtULl" thumbCode="bF43lvtULl" status="psWhite" isfolder="False" isshownode="True">
          <images>
            <image key="E8F04F9040932570AC634F8D59D2388B.svg"/>
            <image key="D95E480717200F895E41DB6E5B869596.svg"/>
            <image key="112EE2F1122E853B6A7454D88207E9C6.svg"/>
            <image key="6F1E26DA3F4DA7A720AD334E97A085AC.svg"/>
            <image key="ED3EBA099F8499F3DD0DEA6F8C141DA7.svg"/>
          </images>
          <page name="Сьогодні" ID="4F10940C-27C1-4EEF-8DBD-9BF373C9C1E0" expanded="True" code="oZsuU9GBNn" thumbCode="oZsuU9GBNn" status="psWhite" isfolder="False" isshownode="True">
            <images>
              <image key="E8F04F9040932570AC634F8D59D2388B.svg"/>
              <image key="6F1E26DA3F4DA7A720AD334E97A085AC.svg"/>
              <image key="112EE2F1122E853B6A7454D88207E9C6.svg"/>
              <image key="D95E480717200F895E41DB6E5B869596.svg"/>
              <image key="ED3EBA099F8499F3DD0DEA6F8C141DA7.svg"/>
            </images>
          </page>
          <page name="Цього тижня" ID="DC86D519-0E0C-454D-A308-1BD80B791050" expanded="True" code="KhMqfmbkSK" thumbCode="KhMqfmbkSK" status="psWhite" isfolder="False" isshownode="True">
            <images>
              <image key="E8F04F9040932570AC634F8D59D2388B.svg"/>
              <image key="6F1E26DA3F4DA7A720AD334E97A085AC.svg"/>
              <image key="112EE2F1122E853B6A7454D88207E9C6.svg"/>
              <image key="D95E480717200F895E41DB6E5B869596.svg"/>
              <image key="ED3EBA099F8499F3DD0DEA6F8C141DA7.svg"/>
            </images>
          </page>
          <page name="Цього місяця" ID="6E7AB971-8E95-4237-8A0E-D467BD8DFCC0" expanded="True" code="dppWiDi6Gr" thumbCode="dppWiDi6Gr" status="psWhite" isfolder="False" isshownode="True">
            <images>
              <image key="E8F04F9040932570AC634F8D59D2388B.svg"/>
              <image key="6F1E26DA3F4DA7A720AD334E97A085AC.svg"/>
              <image key="112EE2F1122E853B6A7454D88207E9C6.svg"/>
              <image key="D95E480717200F895E41DB6E5B869596.svg"/>
              <image key="ED3EBA099F8499F3DD0DEA6F8C141DA7.svg"/>
            </images>
          </page>
        </page>
        <page name="Пошук" ID="FA7BFD66-95E1-4B69-918D-F310821C361A" expanded="True" code="aNmyVVLNTH" thumbCode="aNmyVVLNTH" status="psWhite" isfolder="False" isshownode="True">
          <images>
            <image key="E8F04F9040932570AC634F8D59D2388B.svg"/>
            <image key="D95E480717200F895E41DB6E5B869596.svg"/>
            <image key="112EE2F1122E853B6A7454D88207E9C6.svg"/>
            <image key="6F1E26DA3F4DA7A720AD334E97A085AC.svg"/>
            <image key="ED3EBA099F8499F3DD0DEA6F8C141DA7.svg"/>
          </images>
          <page name="Пошук по категорії" ID="399364EE-7BB6-4873-BD00-E20AD694C4E5" expanded="True" code="zrVtOeEiBh" thumbCode="zrVtOeEiBh" status="psWhite" isfolder="False" isshownode="True">
            <images>
              <image key="E8F04F9040932570AC634F8D59D2388B.svg"/>
              <image key="D95E480717200F895E41DB6E5B869596.svg"/>
              <image key="112EE2F1122E853B6A7454D88207E9C6.svg"/>
              <image key="6F1E26DA3F4DA7A720AD334E97A085AC.svg"/>
              <image key="ED3EBA099F8499F3DD0DEA6F8C141DA7.svg"/>
            </images>
          </page>
          <page name="Пошук по часу" ID="2E74E0D7-6EC8-4286-B8E3-2402CB46532B" expanded="True" code="vVWT1f2pft" thumbCode="vVWT1f2pft" status="psWhite" isfolder="False" isshownode="True">
            <images>
              <image key="E8F04F9040932570AC634F8D59D2388B.svg"/>
              <image key="D95E480717200F895E41DB6E5B869596.svg"/>
              <image key="112EE2F1122E853B6A7454D88207E9C6.svg"/>
              <image key="6F1E26DA3F4DA7A720AD334E97A085AC.svg"/>
              <image key="ED3EBA099F8499F3DD0DEA6F8C141DA7.svg"/>
            </images>
          </page>
        </page>
      </page>
    </page>
    <page name="Внесення коштів" ID="D5844439-BEBC-48C2-889A-EDBC4265016C" expanded="True" status="psGreen" isfolder="True" isshownode="True">
      <page name="Внести суму витрати" ID="161D0E9E-536C-4587-B60E-AB180C46481F" expanded="True" code="9gP3sdzM56" thumbCode="2Duzrkm1Xe" status="psWhite" isfolder="False" isshownode="True">
        <images>
          <image key="E8F04F9040932570AC634F8D59D2388B.svg"/>
          <image key="C70C068EC98855A569C260E732599671.svg"/>
          <image key="D95E480717200F895E41DB6E5B869596.svg"/>
          <image key="ED3EBA099F8499F3DD0DEA6F8C141DA7.svg"/>
        </images>
        <page name="Внести категорію витрати" ID="0EDE0E48-A35E-440A-BD7C-BA6C77D818E6" expanded="True" code="NaSazwzGtS" thumbCode="NaSazwzGtS" status="psWhite" isfolder="False" isshownode="True">
          <images>
            <image key="E8F04F9040932570AC634F8D59D2388B.svg"/>
            <image key="6F1E26DA3F4DA7A720AD334E97A085AC.svg"/>
            <image key="112EE2F1122E853B6A7454D88207E9C6.svg"/>
            <image key="D95E480717200F895E41DB6E5B869596.svg"/>
            <image key="ED3EBA099F8499F3DD0DEA6F8C141DA7.svg"/>
          </images>
        </page>
        <page name="Внести категорію витрати1" ID="0FDDA2D5-7C6E-4C5F-9CDE-5DA315C8396F" expanded="True" code="uZmPoLCPT5" thumbCode="uZmPoLCPT5" status="psWhite" isfolder="False" isshownode="True">
          <images>
            <image key="E8F04F9040932570AC634F8D59D2388B.svg"/>
            <image key="6F1E26DA3F4DA7A720AD334E97A085AC.svg"/>
            <image key="112EE2F1122E853B6A7454D88207E9C6.svg"/>
            <image key="D95E480717200F895E41DB6E5B869596.svg"/>
            <image key="ED3EBA099F8499F3DD0DEA6F8C141DA7.svg"/>
          </images>
        </page>
      </page>
    </page>
    <page name="Редагування системи" ID="F9AADC22-D960-4872-81F8-D2AD654FB956" expanded="True" status="psGreen" isfolder="True" isshownode="True">
      <page name="Редагування системи" ID="6F594E19-7B3F-4751-BD7A-7C8AF3F8B711" expanded="True" code="5b7LpWPcnZ" thumbCode="5b7LpWPcnZ" isLastOpen="True" status="psWhite" isfolder="False" isshownode="True">
        <images>
          <image key="E8F04F9040932570AC634F8D59D2388B.svg"/>
          <image key="F0BDAC64E7EBA2A3D254960B288224AB.svg"/>
          <image key="112EE2F1122E853B6A7454D88207E9C6.svg"/>
          <image key="6F1E26DA3F4DA7A720AD334E97A085AC.svg"/>
          <image key="D95E480717200F895E41DB6E5B869596.svg"/>
          <image key="ED3EBA099F8499F3DD0DEA6F8C141DA7.svg"/>
        </images>
        <page name="Налаштування категорій" ID="DD5443CE-69EB-4451-B3DC-FDCABB1A0CE1" expanded="True" code="I4DkulQLKY" thumbCode="I4DkulQLKY" status="psWhite" isfolder="False" isshownode="True">
          <images>
            <image key="E8F04F9040932570AC634F8D59D2388B.svg"/>
            <image key="F0BDAC64E7EBA2A3D254960B288224AB.svg"/>
            <image key="112EE2F1122E853B6A7454D88207E9C6.svg"/>
            <image key="6F1E26DA3F4DA7A720AD334E97A085AC.svg"/>
            <image key="D95E480717200F895E41DB6E5B869596.svg"/>
            <image key="ED3EBA099F8499F3DD0DEA6F8C141DA7.svg"/>
          </images>
          <page name="Змінити категорію" ID="D7011A0C-1BF3-479C-9728-CFA0A5E4EA92" expanded="True" code="xNDihOidRk" thumbCode="xNDihOidRk" status="psWhite" isfolder="False" isshownode="True">
            <images>
              <image key="E8F04F9040932570AC634F8D59D2388B.svg"/>
              <image key="F0BDAC64E7EBA2A3D254960B288224AB.svg"/>
              <image key="112EE2F1122E853B6A7454D88207E9C6.svg"/>
              <image key="6F1E26DA3F4DA7A720AD334E97A085AC.svg"/>
              <image key="D95E480717200F895E41DB6E5B869596.svg"/>
              <image key="ED3EBA099F8499F3DD0DEA6F8C141DA7.svg"/>
            </images>
          </page>
        </page>
        <page name="Налаштування карток" ID="3800BB45-B806-4C6A-BD79-5096E655F501" expanded="True" code="g62t77xv4A" thumbCode="g62t77xv4A" status="psWhite" isfolder="False" isshownode="True">
          <images>
            <image key="E8F04F9040932570AC634F8D59D2388B.svg"/>
            <image key="F0BDAC64E7EBA2A3D254960B288224AB.svg"/>
            <image key="112EE2F1122E853B6A7454D88207E9C6.svg"/>
            <image key="6F1E26DA3F4DA7A720AD334E97A085AC.svg"/>
            <image key="D95E480717200F895E41DB6E5B869596.svg"/>
            <image key="ED3EBA099F8499F3DD0DEA6F8C141DA7.svg"/>
          </images>
        </page>
      </page>
    </page>
  </pages>
  <trash>
    <page name="Page" ID="00BAA5F8-32B1-4FA4-BF1E-0AAD515CB9DC" expanded="False" code="T8J9KhqwAP" thumbCode="lu6WXWSnHo" isLastOpen="True" status="psWhite" isfolder="False" isshownode="True"/>
    <page name="Внести суму витрати1" ID="0C127599-B4F4-4889-A237-4C31F5A8CB67" expanded="True" code="QRwzsgXHi1" thumbCode="T7YNURk8zQ" isLastOpen="True" status="psWhite" isfolder="False" isshownode="True">
      <images>
        <image key="E8F04F9040932570AC634F8D59D2388B.svg"/>
        <image key="C70C068EC98855A569C260E732599671.svg"/>
        <image key="ED3EBA099F8499F3DD0DEA6F8C141DA7.svg"/>
        <image key="D95E480717200F895E41DB6E5B869596.svg"/>
      </images>
    </page>
    <page name="Home" ID="41F94E42-71A5-4AD2-BD32-E678821763AF" expanded="False" code="zuKRqmVOcu" thumbCode="GCPITXN38H" isLastOpen="True" status="psWhite" isfolder="False" isshownode="True">
      <images>
        <image key="E8F04F9040932570AC634F8D59D2388B.svg"/>
        <image key="6F1E26DA3F4DA7A720AD334E97A085AC.svg"/>
        <image key="ED3EBA099F8499F3DD0DEA6F8C141DA7.svg"/>
        <image key="112EE2F1122E853B6A7454D88207E9C6.svg"/>
        <image key="F0BDAC64E7EBA2A3D254960B288224AB.svg"/>
        <image key="D95E480717200F895E41DB6E5B869596.svg"/>
      </images>
    </page>
    <page name="Сьогодні" ID="FF67CB79-008D-4053-A992-812750AC4630" expanded="False" code="JkakzAIL9U" thumbCode="" isLastOpen="True" status="psWhite" isfolder="False" isshownode="True">
      <images>
        <image key="E8F04F9040932570AC634F8D59D2388B.svg"/>
        <image key="6F1E26DA3F4DA7A720AD334E97A085AC.svg"/>
        <image key="ED3EBA099F8499F3DD0DEA6F8C141DA7.svg"/>
        <image key="112EE2F1122E853B6A7454D88207E9C6.svg"/>
        <image key="D95E480717200F895E41DB6E5B869596.svg"/>
      </images>
    </page>
    <page name="Цього тижня" ID="6BF7BFDD-5B58-4299-9007-CF4AE59B542C" expanded="True" code="D9WmlTJwVK" thumbCode="tHq7HtYuvn" isLastOpen="True" status="psWhite" isfolder="False" isshownode="True">
      <images>
        <image key="E8F04F9040932570AC634F8D59D2388B.svg"/>
        <image key="6F1E26DA3F4DA7A720AD334E97A085AC.svg"/>
        <image key="ED3EBA099F8499F3DD0DEA6F8C141DA7.svg"/>
        <image key="112EE2F1122E853B6A7454D88207E9C6.svg"/>
        <image key="D95E480717200F895E41DB6E5B869596.svg"/>
      </images>
    </page>
    <page name="Цього місяця" ID="7853E463-4973-48DF-8E5A-771D4823D3DA" expanded="True" code="HDmmfhXIqX" thumbCode="CrkFFmLZBW" isLastOpen="True" status="psWhite" isfolder="False" isshownode="True">
      <images>
        <image key="E8F04F9040932570AC634F8D59D2388B.svg"/>
        <image key="6F1E26DA3F4DA7A720AD334E97A085AC.svg"/>
        <image key="ED3EBA099F8499F3DD0DEA6F8C141DA7.svg"/>
        <image key="112EE2F1122E853B6A7454D88207E9C6.svg"/>
        <image key="D95E480717200F895E41DB6E5B869596.svg"/>
      </images>
    </page>
  </trash>
  <deletes/>
  <masters/>
  <images>
    <image key="E8F04F9040932570AC634F8D59D2388B.svg"/>
    <image key="C70C068EC98855A569C260E732599671.svg"/>
    <image key="ED3EBA099F8499F3DD0DEA6F8C141DA7.svg"/>
    <image key="6F1E26DA3F4DA7A720AD334E97A085AC.svg"/>
    <image key="112EE2F1122E853B6A7454D88207E9C6.svg"/>
    <image key="D95E480717200F895E41DB6E5B869596.svg"/>
    <image key="F0BDAC64E7EBA2A3D254960B288224AB.svg"/>
  </images>
</project>